-- MySQL dump 10.13  Distrib 8.0.29, for Linux (x86_64)
--
-- Host: 127.0.0.1    Database: lms
-- ------------------------------------------------------
-- Server version	8.0.29

/*!40101 SET @OLD_CHARACTER_SET_CLIENT=@@CHARACTER_SET_CLIENT */;
/*!40101 SET @OLD_CHARACTER_SET_RESULTS=@@CHARACTER_SET_RESULTS */;
/*!40101 SET @OLD_COLLATION_CONNECTION=@@COLLATION_CONNECTION */;
/*!50503 SET NAMES utf8 */;
/*!40103 SET @OLD_TIME_ZONE=@@TIME_ZONE */;
/*!40103 SET TIME_ZONE='+00:00' */;
/*!40014 SET @OLD_UNIQUE_CHECKS=@@UNIQUE_CHECKS, UNIQUE_CHECKS=0 */;
/*!40014 SET @OLD_FOREIGN_KEY_CHECKS=@@FOREIGN_KEY_CHECKS, FOREIGN_KEY_CHECKS=0 */;
/*!40101 SET @OLD_SQL_MODE=@@SQL_MODE, SQL_MODE='NO_AUTO_VALUE_ON_ZERO' */;
/*!40111 SET @OLD_SQL_NOTES=@@SQL_NOTES, SQL_NOTES=0 */;

--
-- Dumping data for table `subject`
--

LOCK TABLES `subject` WRITE;
/*!40000 ALTER TABLE `subject` DISABLE KEYS */;
INSERT INTO `subject` (id, ects, name, study_program_id, syllabus, semester, assistant_id, professor_id) VALUES (1,8,'Fundamentals of Programming',1,'ADD ME',1,41,21),(2,8,'Computer Architecture',1,'ADD ME',1,41,21),(3,8,'Algebra',1,'ADD ME',1,41,21),(4,6,'Sociology of Engineering',1,'ADD ME',1,41,21),(5,8,'Web design',1,'ADD ME',2,42,22),(6,8,'Object oriented programming 1',1,'ADD ME',2,42,22),(7,8,'Algorithms and Data Structures',1,'ADD ME',2,42,22),(8,6,'Internet Networks',1,'ADD ME',2,42,22),(9,8,'Object oriented programming 2',2,'ADD ME',3,43,23),(10,8,'Mathematical analysis',2,'ADD ME',3,43,23),(11,8,'Discrete Mathematics',2,'ADD ME',3,43,23),(12,6,'Numerical Algorithms and Numerical Software',2,'ADD ME',3,43,23),(13,8,'Introduction to Software Engineering',2,'ADD ME',4,44,24),(14,8,'Software Specification and Modeling',2,'ADD ME',4,44,24),(15,8,'Databases',2,'ADD ME',4,44,24),(16,6,'Operating Systems',2,'ADD ME',4,44,24),(17,8,'Software patterns and components',3,'ADD ME',5,45,25),(18,8,'Software Development Methodlogies',3,'ADD ME',5,45,25),(19,8,'Software Testing',3,'ADD ME',5,45,25),(20,6,'Mobile Apps',3,'ADD ME',5,45,25),(21,8,'Client Side Engineering',3,'ADD ME',6,46,26),(22,8,'Engineering of server-side application layer',3,'ADD ME',6,46,26),(23,8,'Artificial Intelligence',3,'ADD ME',6,46,26),(24,6,'Statistics',3,'ADD ME',6,46,26),(25,8,'Information Security',4,'ADD ME',7,47,27),(26,8,'Cloud Computing',4,'ADD ME',7,47,27),(27,8,'Human-Computer interaction',4,'ADD ME',7,47,27),(28,6,'Machine Learning',4,'ADD ME',7,47,27),(29,8,'Advanced programming techniques',4,'ADD ME',8,48,28),(30,8,'Automotive software',4,'ADD ME',8,48,28),(31,7,'Professional Practice',4,'ADD ME',8,48,28),(32,7,'Bachelor Thesis',4,'ADD ME',8,48,28);
/*!40000 ALTER TABLE `subject` ENABLE KEYS */;
UNLOCK TABLES;

--
-- Dumping data for table `subject_enrollment`
--

LOCK TABLES `subject_enrollment` WRITE;
/*!40000 ALTER TABLE `subject_enrollment` DISABLE KEYS */;
INSERT INTO `subject_enrollment` (id, extra_points, grade,  student_id, subject_id) VALUES (1,10,10,1,1),(2,9,10,1,2),(3,8,9,1,3),(4,7,9,1,4),(5,10,10,1,5),(6,9,10,1,6),(7,NULL,NULL,1,7),(8,NULL,NULL,1,8),(9,5,8,2,1),(10,4,8,2,2),(11,3,7,2,3),(12,2,7,2,4),(13,5,8,2,5),(14,4,8,2,6),(15,NULL,NULL,2,7),(16,NULL,NULL,2,8),(17,3,6,3,1),(18,2,6,3,2),(19,1,NULL,3,3),(20,0,NULL,3,4),(21,3,6,3,5),(22,2,6,3,6),(23,NULL,NULL,3,7),(24,NULL,NULL,3,8),(25,10,10,4,1),(26,9,10,4,2),(27,8,9,4,3),(28,7,9,4,4),(29,10,10,4,5),(30,9,10,4,6),(31,NULL,NULL,4,7),(32,NULL,NULL,4,8),(33,5,8,5,1),(34,4,8,5,2),(35,3,7,5,3),(36,2,7,5,4),(37,5,8,5,5),(38,4,8,5,6),(39,NULL,NULL,5,7),(40,NULL,NULL,5,8),(41,3,6,6,1),(42,2,6,6,2),(43,1,NULL,6,3),(44,0,NULL,6,4),(45,3,6,6,5),(46,2,6,6,6),(47,NULL,NULL,6,7),(48,NULL,NULL,6,8),(49,10,10,7,1),(50,9,10,7,2),(51,8,9,7,3),(52,7,9,7,4),(53,10,10,7,5),(54,9,10,7,6),(55,NULL,NULL,7,7),(56,NULL,NULL,7,8),(57,5,8,8,1),(58,4,8,8,2),(59,3,7,8,3),(60,2,7,8,4),(61,5,8,8,5),(62,4,8,8,6),(63,NULL,NULL,8,7),(64,NULL,NULL,8,8),(65,3,6,9,1),(66,2,6,9,2),(67,1,NULL,9,3),(68,0,NULL,9,4),(69,3,6,9,5),(70,2,6,9,6),(71,NULL,NULL,9,7),(72,NULL,NULL,9,8),(73,10,10,10,1),(74,9,10,10,2),(75,8,9,10,3),(76,7,9,10,4),(77,10,10,10,5),(78,9,10,10,6),(79,NULL,NULL,10,7),(80,NULL,NULL,10,8),(81,5,8,11,1),(82,4,8,11,2),(83,3,7,11,3),(84,2,7,11,4),(85,5,8,11,5),(86,4,8,11,6),(87,NULL,NULL,11,7),(88,NULL,NULL,11,8),(89,3,6,12,1),(90,2,6,12,2),(91,1,NULL,12,3),(92,0,NULL,12,4),(93,3,6,12,5),(94,2,6,12,6),(95,NULL,NULL,12,7),(96,NULL,NULL,12,8),(97,10,10,13,1),(98,9,10,13,2),(99,8,9,13,3),(100,7,9,13,4),(101,10,10,13,5),(102,9,10,13,6),(103,NULL,NULL,13,7),(104,NULL,NULL,13,8),(105,5,8,14,1),(106,4,8,14,2),(107,3,7,14,3),(108,2,7,14,4),(109,5,8,14,5),(110,4,8,14,6),(111,NULL,NULL,14,7),(112,NULL,NULL,14,8),(113,3,6,15,1),(114,2,6,15,2),(115,1,NULL,15,3),(116,0,NULL,15,4),(117,3,6,15,5),(118,2,6,15,6),(119,NULL,NULL,15,7),(120,NULL,NULL,15,8),(121,10,10,16,1),(122,9,10,16,2),(123,8,9,16,3),(124,7,9,16,4),(125,10,10,16,5),(126,9,10,16,6),(127,NULL,NULL,16,7),(128,NULL,NULL,16,8),(129,5,8,17,1),(130,4,8,17,2),(131,3,7,17,3),(132,2,7,17,4),(133,5,8,17,5),(134,4,8,17,6),(135,NULL,NULL,17,7),(136,NULL,NULL,17,8),(137,3,6,18,1),(138,2,6,18,2),(139,1,NULL,18,3),(140,0,NULL,18,4),(141,3,6,18,5),(142,2,6,18,6),(143,NULL,NULL,18,7),(144,NULL,NULL,18,8),(145,10,10,19,1),(146,9,10,19,2),(147,8,9,19,3),(148,7,9,19,4),(149,10,10,19,5),(150,9,10,19,6),(151,NULL,NULL,19,7),(152,NULL,NULL,19,8),(153,5,8,20,1),(154,4,8,20,2),(155,3,7,20,3),(156,2,7,20,4),(157,5,8,20,5),(158,4,8,20,6),(159,NULL,NULL,20,7),(160,NULL,NULL,20,8),(161,3,6,21,1),(162,2,6,21,2),(163,1,NULL,21,3),(164,0,NULL,21,4),(165,3,6,21,5),(166,2,6,21,6),(167,NULL,NULL,21,7),(168,NULL,NULL,21,8),(169,10,10,22,1),(170,9,10,22,2),(171,8,9,22,3),(172,7,9,22,4),(173,10,10,22,5),(174,9,10,22,6),(175,NULL,NULL,22,7),(176,NULL,NULL,22,8),(177,5,8,23,1),(178,4,8,23,2),(179,3,7,23,3),(180,2,7,23,4),(181,5,8,23,5),(182,4,8,23,6),(183,NULL,NULL,23,7),(184,NULL,NULL,23,8),(185,3,6,24,1),(186,2,6,24,2),(187,1,NULL,24,3),(188,0,NULL,24,4),(189,3,6,24,5),(190,2,6,24,6),(191,NULL,NULL,24,7),(192,NULL,NULL,24,8),(193,10,10,25,1),(194,9,10,25,2),(195,8,9,25,3),(196,7,9,25,4),(197,10,10,25,5),(198,9,10,25,6),(199,NULL,NULL,25,7),(200,NULL,NULL,25,8),(201,5,8,26,1),(202,4,8,26,2),(203,3,7,26,3),(204,2,7,26,4),(205,5,8,26,5),(206,4,8,26,6),(207,NULL,NULL,26,7),(208,NULL,NULL,26,8),(209,3,6,27,1),(210,2,6,27,2),(211,1,NULL,27,3),(212,0,NULL,27,4),(213,3,6,27,5),(214,2,6,27,6),(215,NULL,NULL,27,7),(216,NULL,NULL,27,8),(217,10,10,28,1),(218,9,10,28,2),(219,8,9,28,3),(220,7,9,28,4),(221,10,10,28,5),(222,9,10,28,6),(223,NULL,NULL,28,7),(224,NULL,NULL,28,8),(225,5,8,29,1),(226,4,8,29,2),(227,3,7,29,3),(228,2,7,29,4),(229,5,8,29,5),(230,4,8,29,6),(231,NULL,NULL,29,7),(232,NULL,NULL,29,8),(233,3,6,30,1),(234,2,6,30,2),(235,1,NULL,30,3),(236,0,NULL,30,4),(237,3,6,30,5),(238,2,6,30,6),(239,NULL,NULL,30,7),(240,NULL,NULL,30,8),(241,10,10,31,1),(242,9,10,31,2),(243,8,9,31,3),(244,7,9,31,4),(245,10,10,31,5),(246,9,10,31,6),(247,NULL,NULL,31,7),(248,NULL,NULL,31,8),(249,5,8,32,1),(250,4,8,32,2),(251,3,7,32,3),(252,2,7,32,4),(253,5,8,32,5),(254,4,8,32,6),(255,NULL,NULL,32,7),(256,NULL,NULL,32,8),(257,3,6,33,1),(258,2,6,33,2),(259,1,NULL,33,3),(260,0,NULL,33,4),(261,3,6,33,5),(262,2,6,33,6),(263,NULL,NULL,33,7),(264,NULL,NULL,33,8),(265,10,10,34,1),(266,9,10,34,2),(267,8,9,34,3),(268,7,9,34,4),(269,10,10,34,5),(270,9,10,34,6),(271,NULL,NULL,34,7),(272,NULL,NULL,34,8),(273,5,8,35,1),(274,4,8,35,2),(275,3,7,35,3),(276,2,7,35,4),(277,5,8,35,5),(278,4,8,35,6),(279,NULL,NULL,35,7),(280,NULL,NULL,35,8),(281,3,6,36,1),(282,2,6,36,2),(283,1,NULL,36,3),(284,0,NULL,36,4),(285,3,6,36,5),(286,2,6,36,6),(287,NULL,NULL,36,7),(288,NULL,NULL,36,8),(289,10,10,37,1),(290,9,10,37,2),(291,8,9,37,3),(292,7,9,37,4),(293,10,10,37,5),(294,9,10,37,6),(295,NULL,NULL,37,7),(296,NULL,NULL,37,8),(297,5,8,38,1),(298,4,8,38,2),(299,3,7,38,3),(300,2,7,38,4),(301,5,8,38,5),(302,4,8,38,6),(303,NULL,NULL,38,7),(304,NULL,NULL,38,8),(305,3,6,39,1),(306,2,6,39,2),(307,1,NULL,39,3),(308,0,NULL,39,4),(309,3,6,39,5),(310,2,6,39,6),(311,NULL,NULL,39,7),(312,NULL,NULL,39,8),(313,10,10,40,1),(314,9,10,40,2),(315,8,9,40,3),(316,7,9,40,4),(317,10,10,40,5),(318,9,10,40,6),(319,NULL,NULL,40,7),(320,NULL,NULL,40,8),(321,10,10,41,1),(322,10,10,41,2),(323,10,10,41,3),(324,10,10,41,4),(325,10,10,41,5),(326,10,10,41,6),(327,10,10,41,7),(328,10,10,41,8),(329,10,10,41,9),(330,10,10,41,10),(331,10,10,41,11),(332,10,10,41,12),(333,10,10,41,13),(334,10,10,41,14),(335,10,10,41,15),(336,10,10,41,16),(337,10,10,41,17),(338,10,10,41,18),(339,10,10,41,19),(340,10,10,41,20),(341,10,10,41,21),(342,10,10,41,22),(343,10,10,41,23),(344,10,10,41,24),(345,10,10,41,25),(346,10,10,41,26),(347,10,10,41,27),(348,10,10,41,28),(349,10,10,41,29),(350,10,10,41,30),(351,10,10,41,31),(352,10,10,41,32);
/*!40000 ALTER TABLE `subject_enrollment` ENABLE KEYS */;
UNLOCK TABLES;

--
-- Dumping data for table `subject_material`
--

LOCK TABLES `subject_material` WRITE;
/*!40000 ALTER TABLE `subject_material` DISABLE KEYS */;
INSERT INTO `subject_material` (id, description, name, publication_date, subject_id, teacher_id) VALUES (1,'ADD ME','Exercise 1','2021-10-04 09:00:00',1,41),(2,'ADD ME','Exercise 2','2021-10-11 09:00:00',1,41),(3,'ADD ME','Exercise 3','2021-10-18 09:00:00',1,41),(4,'ADD ME','Exercise 4','2021-10-25 09:00:00',1,41),(5,'ADD ME','Exercise 5','2021-11-01 09:00:00',1,41),(6,'ADD ME','Exercise 6','2021-11-08 09:00:00',1,41),(7,'ADD ME','Exercise 7','2021-11-15 09:00:00',1,41),(8,'ADD ME','Exercise 8','2021-11-22 09:00:00',1,41),(9,'ADD ME','Exercise 9','2021-11-29 09:00:00',1,41),(10,'ADD ME','Exercise 10','2021-12-06 09:00:00',1,41),(11,'ADD ME','Exercise 11','2021-12-13 09:00:00',1,41),(12,'ADD ME','Exercise 12','2021-12-20 09:00:00',1,41),(13,'ADD ME','Exercise 1','2021-10-04 09:00:00',2,41),(14,'ADD ME','Exercise 2','2021-10-11 09:00:00',2,41),(15,'ADD ME','Exercise 3','2021-10-18 09:00:00',2,41),(16,'ADD ME','Exercise 4','2021-10-25 09:00:00',2,41),(17,'ADD ME','Exercise 5','2021-11-01 09:00:00',2,41),(18,'ADD ME','Exercise 6','2021-11-08 09:00:00',2,41),(19,'ADD ME','Exercise 7','2021-11-15 09:00:00',2,41),(20,'ADD ME','Exercise 8','2021-11-22 09:00:00',2,41),(21,'ADD ME','Exercise 9','2021-11-29 09:00:00',2,41),(22,'ADD ME','Exercise 10','2021-12-06 09:00:00',2,41),(23,'ADD ME','Exercise 11','2021-12-13 09:00:00',2,41),(24,'ADD ME','Exercise 12','2021-12-20 09:00:00',2,41),(25,'ADD ME','Exercise 1','2021-10-04 09:00:00',3,41),(26,'ADD ME','Exercise 2','2021-10-11 09:00:00',3,41),(27,'ADD ME','Exercise 3','2021-10-18 09:00:00',3,41),(28,'ADD ME','Exercise 4','2021-10-25 09:00:00',3,41),(29,'ADD ME','Exercise 5','2021-11-01 09:00:00',3,41),(30,'ADD ME','Exercise 6','2021-11-08 09:00:00',3,41),(31,'ADD ME','Exercise 7','2021-11-15 09:00:00',3,41),(32,'ADD ME','Exercise 8','2021-11-22 09:00:00',3,41),(33,'ADD ME','Exercise 9','2021-11-29 09:00:00',3,41),(34,'ADD ME','Exercise 10','2021-12-06 09:00:00',3,41),(35,'ADD ME','Exercise 11','2021-12-13 09:00:00',3,41),(36,'ADD ME','Exercise 12','2021-12-20 09:00:00',3,41),(37,'ADD ME','Exercise 1','2021-10-04 09:00:00',4,41),(38,'ADD ME','Exercise 2','2021-10-11 09:00:00',4,41),(39,'ADD ME','Exercise 3','2021-10-18 09:00:00',4,41),(40,'ADD ME','Exercise 4','2021-10-25 09:00:00',4,41),(41,'ADD ME','Exercise 5','2021-11-01 09:00:00',4,41),(42,'ADD ME','Exercise 6','2021-11-08 09:00:00',4,41),(43,'ADD ME','Exercise 7','2021-11-15 09:00:00',4,41),(44,'ADD ME','Exercise 8','2021-11-22 09:00:00',4,41),(45,'ADD ME','Exercise 9','2021-11-29 09:00:00',4,41),(46,'ADD ME','Exercise 10','2021-12-06 09:00:00',4,41),(47,'ADD ME','Exercise 11','2021-12-13 09:00:00',4,41),(48,'ADD ME','Exercise 12','2021-12-20 09:00:00',4,41),(49,'ADD ME','Exercise 1','2022-03-07 09:00:00',5,42),(50,'ADD ME','Exercise 2','2022-03-14 09:00:00',5,42),(51,'ADD ME','Exercise 3','2022-03-21 09:00:00',5,42),(52,'ADD ME','Exercise 4','2022-03-28 09:00:00',5,42),(53,'ADD ME','Exercise 5','2022-04-04 09:00:00',5,42),(54,'ADD ME','Exercise 6','2022-04-11 09:00:00',5,42),(55,'ADD ME','Exercise 7','2022-04-18 09:00:00',5,42),(56,'ADD ME','Exercise 8','2022-04-25 09:00:00',5,42),(57,'ADD ME','Exercise 9','2022-05-02 09:00:00',5,42),(58,'ADD ME','Exercise 10','2022-05-09 09:00:00',5,42),(59,'ADD ME','Exercise 11','2022-05-16 09:00:00',5,42),(60,'ADD ME','Exercise 12','2022-05-23 09:00:00',5,42),(61,'ADD ME','Exercise 1','2022-03-07 09:00:00',6,42),(62,'ADD ME','Exercise 2','2022-03-14 09:00:00',6,42),(63,'ADD ME','Exercise 3','2022-03-21 09:00:00',6,42),(64,'ADD ME','Exercise 4','2022-03-28 09:00:00',6,42),(65,'ADD ME','Exercise 5','2022-04-04 09:00:00',6,42),(66,'ADD ME','Exercise 6','2022-04-11 09:00:00',6,42),(67,'ADD ME','Exercise 7','2022-04-18 09:00:00',6,42),(68,'ADD ME','Exercise 8','2022-04-25 09:00:00',6,42),(69,'ADD ME','Exercise 9','2022-05-02 09:00:00',6,42),(70,'ADD ME','Exercise 10','2022-05-09 09:00:00',6,42),(71,'ADD ME','Exercise 11','2022-05-16 09:00:00',6,42),(72,'ADD ME','Exercise 12','2022-05-23 09:00:00',6,42),(73,'ADD ME','Exercise 1','2022-03-07 09:00:00',7,42),(74,'ADD ME','Exercise 2','2022-03-14 09:00:00',7,42),(75,'ADD ME','Exercise 3','2022-03-21 09:00:00',7,42),(76,'ADD ME','Exercise 4','2022-03-28 09:00:00',7,42),(77,'ADD ME','Exercise 5','2022-04-04 09:00:00',7,42),(78,'ADD ME','Exercise 6','2022-04-11 09:00:00',7,42),(79,'ADD ME','Exercise 7','2022-04-18 09:00:00',7,42),(80,'ADD ME','Exercise 8','2022-04-25 09:00:00',7,42),(81,'ADD ME','Exercise 9','2022-05-02 09:00:00',7,42),(82,'ADD ME','Exercise 10','2022-05-09 09:00:00',7,42),(83,'ADD ME','Exercise 11','2022-05-16 09:00:00',7,42),(84,'ADD ME','Exercise 12','2022-05-23 09:00:00',7,42),(85,'ADD ME','Exercise 1','2022-03-07 09:00:00',8,42),(86,'ADD ME','Exercise 2','2022-03-14 09:00:00',8,42),(87,'ADD ME','Exercise 3','2022-03-21 09:00:00',8,42),(88,'ADD ME','Exercise 4','2022-03-28 09:00:00',8,42),(89,'ADD ME','Exercise 5','2022-04-04 09:00:00',8,42),(90,'ADD ME','Exercise 6','2022-04-11 09:00:00',8,42),(91,'ADD ME','Exercise 7','2022-04-18 09:00:00',8,42),(92,'ADD ME','Exercise 8','2022-04-25 09:00:00',8,42),(93,'ADD ME','Exercise 9','2022-05-02 09:00:00',8,42),(94,'ADD ME','Exercise 10','2022-05-09 09:00:00',8,42),(95,'ADD ME','Exercise 11','2022-05-16 09:00:00',8,42),(96,'ADD ME','Exercise 12','2022-05-23 09:00:00',8,42);
/*!40000 ALTER TABLE `subject_material` ENABLE KEYS */;
UNLOCK TABLES;

--
-- Dumping data for table `subject_notification`
--

LOCK TABLES `subject_notification` WRITE;
/*!40000 ALTER TABLE `subject_notification` DISABLE KEYS */;
INSERT INTO `subject_notification` (id, description, name, publication_date, subject_id, teacher_id) VALUES (1,'ADD ME','Welcome','2021-10-01 09:00:00',1,21),(2,'ADD ME','Lecture information','2021-11-01 09:00:00',1,21),(3,'ADD ME','Project teams','2021-12-01 09:00:00',1,41),(4,'ADD ME','Welcome','2021-10-01 09:00:00',2,21),(5,'ADD ME','Lecture information','2021-11-01 09:00:00',2,21),(6,'ADD ME','Project teams','2021-12-01 09:00:00',2,41),(7,'ADD ME','Welcome','2021-10-01 09:00:00',3,21),(8,'ADD ME','Lecture information','2021-11-01 09:00:00',3,21),(9,'ADD ME','Project teams','2021-12-01 09:00:00',3,41),(10,'ADD ME','Welcome','2021-10-01 09:00:00',4,21),(11,'ADD ME','Lecture information','2021-11-01 09:00:00',4,21),(12,'ADD ME','Project teams','2021-12-01 09:00:00',4,41),(13,'ADD ME','Welcome','2022-03-01 09:00:00',5,22),(14,'ADD ME','Lecture information','2022-04-01 09:00:00',5,22),(15,'ADD ME','Project teams','2022-05-01 09:00:00',5,42),(16,'ADD ME','Welcome','2022-03-01 09:00:00',6,22),(17,'ADD ME','Lecture information','2022-04-01 09:00:00',6,22),(18,'ADD ME','Project teams','2022-05-01 09:00:00',6,42),(19,'ADD ME','Welcome','2022-03-01 09:00:00',7,22),(20,'ADD ME','Lecture information','2022-04-01 09:00:00',7,22),(21,'ADD ME','Project teams','2022-05-01 09:00:00',7,42),(22,'ADD ME','Welcome','2022-03-01 09:00:00',8,22),(23,'ADD ME','Lecture information','2022-04-01 09:00:00',8,22),(24,'ADD ME','Project teams','2022-05-01 09:00:00',8,42);
/*!40000 ALTER TABLE `subject_notification` ENABLE KEYS */;
UNLOCK TABLES;

--
-- Dumping data for table `subject_term`
--

LOCK TABLES `subject_term` WRITE;
/*!40000 ALTER TABLE `subject_term` DISABLE KEYS */;
INSERT INTO `subject_term` (id, description, end_time, name, start_time, subject_id, teacher_id) VALUES (1,'ADD ME','2021-10-04 12:00:00','Lecture 1','2021-10-04 09:00:00',1,21),(2,'ADD ME','2021-10-11 12:00:00','Lecture 2','2021-10-11 09:00:00',1,21),(3,'ADD ME','2021-10-18 12:00:00','Lecture 3','2021-10-18 09:00:00',1,21),(4,'ADD ME','2021-10-25 12:00:00','Lecture 4','2021-10-25 09:00:00',1,21),(5,'ADD ME','2021-11-01 12:00:00','Lecture 5','2021-11-01 09:00:00',1,21),(6,'ADD ME','2021-11-08 12:00:00','Lecture 6','2021-11-08 09:00:00',1,21),(7,'ADD ME','2021-11-15 12:00:00','Lecture 7','2021-11-15 09:00:00',1,21),(8,'ADD ME','2021-11-22 12:00:00','Lecture 8','2021-11-22 09:00:00',1,21),(9,'ADD ME','2021-11-29 12:00:00','Lecture 9','2021-11-29 09:00:00',1,21),(10,'ADD ME','2021-12-06 12:00:00','Lecture 10','2021-12-06 09:00:00',1,21),(11,'ADD ME','2021-12-13 12:00:00','Lecture 11','2021-12-13 09:00:00',1,21),(12,'ADD ME','2021-12-20 12:00:00','Lecture 12','2021-12-20 09:00:00',1,21),(13,'ADD ME','2021-10-04 12:00:00','Lecture 1','2021-10-04 09:00:00',2,21),(14,'ADD ME','2021-10-11 12:00:00','Lecture 2','2021-10-11 09:00:00',2,21),(15,'ADD ME','2021-10-18 12:00:00','Lecture 3','2021-10-18 09:00:00',2,21),(16,'ADD ME','2021-10-25 12:00:00','Lecture 4','2021-10-25 09:00:00',2,21),(17,'ADD ME','2021-11-01 12:00:00','Lecture 5','2021-11-01 09:00:00',2,21),(18,'ADD ME','2021-11-08 12:00:00','Lecture 6','2021-11-08 09:00:00',2,21),(19,'ADD ME','2021-11-15 12:00:00','Lecture 7','2021-11-15 09:00:00',2,21),(20,'ADD ME','2021-11-22 12:00:00','Lecture 8','2021-11-22 09:00:00',2,21),(21,'ADD ME','2021-11-29 12:00:00','Lecture 9','2021-11-29 09:00:00',2,21),(22,'ADD ME','2021-12-06 12:00:00','Lecture 10','2021-12-06 09:00:00',2,21),(23,'ADD ME','2021-12-13 12:00:00','Lecture 11','2021-12-13 09:00:00',2,21),(24,'ADD ME','2021-12-20 12:00:00','Lecture 12','2021-12-20 09:00:00',2,21),(25,'ADD ME','2021-10-04 12:00:00','Lecture 1','2021-10-04 09:00:00',3,21),(26,'ADD ME','2021-10-11 12:00:00','Lecture 2','2021-10-11 09:00:00',3,21),(27,'ADD ME','2021-10-18 12:00:00','Lecture 3','2021-10-18 09:00:00',3,21),(28,'ADD ME','2021-10-25 12:00:00','Lecture 4','2021-10-25 09:00:00',3,21),(29,'ADD ME','2021-11-01 12:00:00','Lecture 5','2021-11-01 09:00:00',3,21),(30,'ADD ME','2021-11-08 12:00:00','Lecture 6','2021-11-08 09:00:00',3,21),(31,'ADD ME','2021-11-15 12:00:00','Lecture 7','2021-11-15 09:00:00',3,21),(32,'ADD ME','2021-11-22 12:00:00','Lecture 8','2021-11-22 09:00:00',3,21),(33,'ADD ME','2021-11-29 12:00:00','Lecture 9','2021-11-29 09:00:00',3,21),(34,'ADD ME','2021-12-06 12:00:00','Lecture 10','2021-12-06 09:00:00',3,21),(35,'ADD ME','2021-12-13 12:00:00','Lecture 11','2021-12-13 09:00:00',3,21),(36,'ADD ME','2021-12-20 12:00:00','Lecture 12','2021-12-20 09:00:00',3,21),(37,'ADD ME','2021-10-04 12:00:00','Lecture 1','2021-10-04 09:00:00',4,21),(38,'ADD ME','2021-10-11 12:00:00','Lecture 2','2021-10-11 09:00:00',4,21),(39,'ADD ME','2021-10-18 12:00:00','Lecture 3','2021-10-18 09:00:00',4,21),(40,'ADD ME','2021-10-25 12:00:00','Lecture 4','2021-10-25 09:00:00',4,21),(41,'ADD ME','2021-11-01 12:00:00','Lecture 5','2021-11-01 09:00:00',4,21),(42,'ADD ME','2021-11-08 12:00:00','Lecture 6','2021-11-08 09:00:00',4,21),(43,'ADD ME','2021-11-15 12:00:00','Lecture 7','2021-11-15 09:00:00',4,21),(44,'ADD ME','2021-11-22 12:00:00','Lecture 8','2021-11-22 09:00:00',4,21),(45,'ADD ME','2021-11-29 12:00:00','Lecture 9','2021-11-29 09:00:00',4,21),(46,'ADD ME','2021-12-06 12:00:00','Lecture 10','2021-12-06 09:00:00',4,21),(47,'ADD ME','2021-12-13 12:00:00','Lecture 11','2021-12-13 09:00:00',4,21),(48,'ADD ME','2021-12-20 12:00:00','Lecture 12','2021-12-20 09:00:00',4,21),(49,'ADD ME','2022-03-07 12:00:00','Lecture 1','2022-03-07 09:00:00',5,22),(50,'ADD ME','2022-03-14 12:00:00','Lecture 2','2022-03-14 09:00:00',5,22),(51,'ADD ME','2022-03-21 12:00:00','Lecture 3','2022-03-21 09:00:00',5,22),(52,'ADD ME','2022-03-28 12:00:00','Lecture 4','2022-03-28 09:00:00',5,22),(53,'ADD ME','2022-04-04 12:00:00','Lecture 5','2022-04-04 09:00:00',5,22),(54,'ADD ME','2022-04-11 12:00:00','Lecture 6','2022-04-11 09:00:00',5,22),(55,'ADD ME','2022-04-18 12:00:00','Lecture 7','2022-04-18 09:00:00',5,22),(56,'ADD ME','2022-04-25 12:00:00','Lecture 8','2022-04-25 09:00:00',5,22),(57,'ADD ME','2022-05-02 12:00:00','Lecture 9','2022-05-02 09:00:00',5,22),(58,'ADD ME','2022-05-09 12:00:00','Lecture 10','2022-05-09 09:00:00',5,22),(59,'ADD ME','2022-05-16 12:00:00','Lecture 11','2022-05-16 09:00:00',5,22),(60,'ADD ME','2022-05-23 12:00:00','Lecture 12','2022-05-23 09:00:00',5,22),(61,'ADD ME','2022-03-07 12:00:00','Lecture 1','2022-03-07 09:00:00',6,22),(62,'ADD ME','2022-03-14 12:00:00','Lecture 2','2022-03-14 09:00:00',6,22),(63,'ADD ME','2022-03-21 12:00:00','Lecture 3','2022-03-21 09:00:00',6,22),(64,'ADD ME','2022-03-28 12:00:00','Lecture 4','2022-03-28 09:00:00',6,22),(65,'ADD ME','2022-04-04 12:00:00','Lecture 5','2022-04-04 09:00:00',6,22),(66,'ADD ME','2022-04-11 12:00:00','Lecture 6','2022-04-11 09:00:00',6,22),(67,'ADD ME','2022-04-18 12:00:00','Lecture 7','2022-04-18 09:00:00',6,22),(68,'ADD ME','2022-04-25 12:00:00','Lecture 8','2022-04-25 09:00:00',6,22),(69,'ADD ME','2022-05-02 12:00:00','Lecture 9','2022-05-02 09:00:00',6,22),(70,'ADD ME','2022-05-09 12:00:00','Lecture 10','2022-05-09 09:00:00',6,22),(71,'ADD ME','2022-05-16 12:00:00','Lecture 11','2022-05-16 09:00:00',6,22),(72,'ADD ME','2022-05-23 12:00:00','Lecture 12','2022-05-23 09:00:00',6,22),(73,'ADD ME','2022-03-07 12:00:00','Lecture 1','2022-03-07 09:00:00',7,22),(74,'ADD ME','2022-03-14 12:00:00','Lecture 2','2022-03-14 09:00:00',7,22),(75,'ADD ME','2022-03-21 12:00:00','Lecture 3','2022-03-21 09:00:00',7,22),(76,'ADD ME','2022-03-28 12:00:00','Lecture 4','2022-03-28 09:00:00',7,22),(77,'ADD ME','2022-04-04 12:00:00','Lecture 5','2022-04-04 09:00:00',7,22),(78,'ADD ME','2022-04-11 12:00:00','Lecture 6','2022-04-11 09:00:00',7,22),(79,'ADD ME','2022-04-18 12:00:00','Lecture 7','2022-04-18 09:00:00',7,22),(80,'ADD ME','2022-04-25 12:00:00','Lecture 8','2022-04-25 09:00:00',7,22),(81,'ADD ME','2022-05-02 12:00:00','Lecture 9','2022-05-02 09:00:00',7,22),(82,'ADD ME','2022-05-09 12:00:00','Lecture 10','2022-05-09 09:00:00',7,22),(83,'ADD ME','2022-05-16 12:00:00','Lecture 11','2022-05-16 09:00:00',7,22),(84,'ADD ME','2022-05-23 12:00:00','Lecture 12','2022-05-23 09:00:00',7,22),(85,'ADD ME','2022-03-07 12:00:00','Lecture 1','2022-03-07 09:00:00',8,22),(86,'ADD ME','2022-03-14 12:00:00','Lecture 2','2022-03-14 09:00:00',8,22),(87,'ADD ME','2022-03-21 12:00:00','Lecture 3','2022-03-21 09:00:00',8,22),(88,'ADD ME','2022-03-28 12:00:00','Lecture 4','2022-03-28 09:00:00',8,22),(89,'ADD ME','2022-04-04 12:00:00','Lecture 5','2022-04-04 09:00:00',8,22),(90,'ADD ME','2022-04-11 12:00:00','Lecture 6','2022-04-11 09:00:00',8,22),(91,'ADD ME','2022-04-18 12:00:00','Lecture 7','2022-04-18 09:00:00',8,22),(92,'ADD ME','2022-04-25 12:00:00','Lecture 8','2022-04-25 09:00:00',8,22),(93,'ADD ME','2022-05-02 12:00:00','Lecture 9','2022-05-02 09:00:00',8,22),(94,'ADD ME','2022-05-09 12:00:00','Lecture 10','2022-05-09 09:00:00',8,22),(95,'ADD ME','2022-05-16 12:00:00','Lecture 11','2022-05-16 09:00:00',8,22),(96,'ADD ME','2022-05-23 12:00:00','Lecture 12','2022-05-23 09:00:00',8,22),(97,'ADD ME','2021-10-04 14:00:00','Exercise 1','2021-10-04 12:00:00',1,41),(98,'ADD ME','2021-10-11 14:00:00','Exercise 2','2021-10-11 12:00:00',1,41),(99,'ADD ME','2021-10-18 14:00:00','Exercise 3','2021-10-18 12:00:00',1,41),(100,'ADD ME','2021-10-25 14:00:00','Exercise 4','2021-10-25 12:00:00',1,41),(101,'ADD ME','2021-11-01 14:00:00','Exercise 5','2021-11-01 12:00:00',1,41),(102,'ADD ME','2021-11-08 14:00:00','Exercise 6','2021-11-08 12:00:00',1,41),(103,'ADD ME','2021-11-15 14:00:00','Exercise 7','2021-11-15 12:00:00',1,41),(104,'ADD ME','2021-11-22 14:00:00','Exercise 8','2021-11-22 12:00:00',1,41),(105,'ADD ME','2021-11-29 14:00:00','Exercise 9','2021-11-29 12:00:00',1,41),(106,'ADD ME','2021-12-06 14:00:00','Exercise 10','2021-12-06 12:00:00',1,41),(107,'ADD ME','2021-12-13 14:00:00','Exercise 11','2021-12-13 12:00:00',1,41),(108,'ADD ME','2021-12-20 14:00:00','Exercise 12','2021-12-20 12:00:00',1,41),(109,'ADD ME','2021-10-04 14:00:00','Exercise 1','2021-10-04 12:00:00',2,41),(110,'ADD ME','2021-10-11 14:00:00','Exercise 2','2021-10-11 12:00:00',2,41),(111,'ADD ME','2021-10-18 14:00:00','Exercise 3','2021-10-18 12:00:00',2,41),(112,'ADD ME','2021-10-25 14:00:00','Exercise 4','2021-10-25 12:00:00',2,41),(113,'ADD ME','2021-11-01 14:00:00','Exercise 5','2021-11-01 12:00:00',2,41),(114,'ADD ME','2021-11-08 14:00:00','Exercise 6','2021-11-08 12:00:00',2,41),(115,'ADD ME','2021-11-15 14:00:00','Exercise 7','2021-11-15 12:00:00',2,41),(116,'ADD ME','2021-11-22 14:00:00','Exercise 8','2021-11-22 12:00:00',2,41),(117,'ADD ME','2021-11-29 14:00:00','Exercise 9','2021-11-29 12:00:00',2,41),(118,'ADD ME','2021-12-06 14:00:00','Exercise 10','2021-12-06 12:00:00',2,41),(119,'ADD ME','2021-12-13 14:00:00','Exercise 11','2021-12-13 12:00:00',2,41),(120,'ADD ME','2021-12-20 14:00:00','Exercise 12','2021-12-20 12:00:00',2,41),(121,'ADD ME','2021-10-04 14:00:00','Exercise 1','2021-10-04 12:00:00',3,41),(122,'ADD ME','2021-10-11 14:00:00','Exercise 2','2021-10-11 12:00:00',3,41),(123,'ADD ME','2021-10-18 14:00:00','Exercise 3','2021-10-18 12:00:00',3,41),(124,'ADD ME','2021-10-25 14:00:00','Exercise 4','2021-10-25 12:00:00',3,41),(125,'ADD ME','2021-11-01 14:00:00','Exercise 5','2021-11-01 12:00:00',3,41),(126,'ADD ME','2021-11-08 14:00:00','Exercise 6','2021-11-08 12:00:00',3,41),(127,'ADD ME','2021-11-15 14:00:00','Exercise 7','2021-11-15 12:00:00',3,41),(128,'ADD ME','2021-11-22 14:00:00','Exercise 8','2021-11-22 12:00:00',3,41),(129,'ADD ME','2021-11-29 14:00:00','Exercise 9','2021-11-29 12:00:00',3,41),(130,'ADD ME','2021-12-06 14:00:00','Exercise 10','2021-12-06 12:00:00',3,41),(131,'ADD ME','2021-12-13 14:00:00','Exercise 11','2021-12-13 12:00:00',3,41),(132,'ADD ME','2021-12-20 14:00:00','Exercise 12','2021-12-20 12:00:00',3,41),(133,'ADD ME','2021-10-04 14:00:00','Exercise 1','2021-10-04 12:00:00',4,41),(134,'ADD ME','2021-10-11 14:00:00','Exercise 2','2021-10-11 12:00:00',4,41),(135,'ADD ME','2021-10-18 14:00:00','Exercise 3','2021-10-18 12:00:00',4,41),(136,'ADD ME','2021-10-25 14:00:00','Exercise 4','2021-10-25 12:00:00',4,41),(137,'ADD ME','2021-11-01 14:00:00','Exercise 5','2021-11-01 12:00:00',4,41),(138,'ADD ME','2021-11-08 14:00:00','Exercise 6','2021-11-08 12:00:00',4,41),(139,'ADD ME','2021-11-15 14:00:00','Exercise 7','2021-11-15 12:00:00',4,41),(140,'ADD ME','2021-11-22 14:00:00','Exercise 8','2021-11-22 12:00:00',4,41),(141,'ADD ME','2021-11-29 14:00:00','Exercise 9','2021-11-29 12:00:00',4,41),(142,'ADD ME','2021-12-06 14:00:00','Exercise 10','2021-12-06 12:00:00',4,41),(143,'ADD ME','2021-12-13 14:00:00','Exercise 11','2021-12-13 12:00:00',4,41),(144,'ADD ME','2021-12-20 14:00:00','Exercise 12','2021-12-20 12:00:00',4,41),(145,'ADD ME','2022-03-07 14:00:00','Exercise 1','2022-03-07 12:00:00',5,42),(146,'ADD ME','2022-03-14 14:00:00','Exercise 2','2022-03-14 12:00:00',5,42),(147,'ADD ME','2022-03-21 14:00:00','Exercise 3','2022-03-21 12:00:00',5,42),(148,'ADD ME','2022-03-28 14:00:00','Exercise 4','2022-03-28 12:00:00',5,42),(149,'ADD ME','2022-04-04 14:00:00','Exercise 5','2022-04-04 12:00:00',5,42),(150,'ADD ME','2022-04-11 14:00:00','Exercise 6','2022-04-11 12:00:00',5,42),(151,'ADD ME','2022-04-18 14:00:00','Exercise 7','2022-04-18 12:00:00',5,42),(152,'ADD ME','2022-04-25 14:00:00','Exercise 8','2022-04-25 12:00:00',5,42),(153,'ADD ME','2022-05-02 14:00:00','Exercise 9','2022-05-02 12:00:00',5,42),(154,'ADD ME','2022-05-09 14:00:00','Exercise 10','2022-05-09 12:00:00',5,42),(155,'ADD ME','2022-05-16 14:00:00','Exercise 11','2022-05-16 12:00:00',5,42),(156,'ADD ME','2022-05-23 14:00:00','Exercise 12','2022-05-23 12:00:00',5,42),(157,'ADD ME','2022-03-07 14:00:00','Exercise 1','2022-03-07 12:00:00',6,42),(158,'ADD ME','2022-03-14 14:00:00','Exercise 2','2022-03-14 12:00:00',6,42),(159,'ADD ME','2022-03-21 14:00:00','Exercise 3','2022-03-21 12:00:00',6,42),(160,'ADD ME','2022-03-28 14:00:00','Exercise 4','2022-03-28 12:00:00',6,42),(161,'ADD ME','2022-04-04 14:00:00','Exercise 5','2022-04-04 12:00:00',6,42),(162,'ADD ME','2022-04-11 14:00:00','Exercise 6','2022-04-11 12:00:00',6,42),(163,'ADD ME','2022-04-18 14:00:00','Exercise 7','2022-04-18 12:00:00',6,42),(164,'ADD ME','2022-04-25 14:00:00','Exercise 8','2022-04-25 12:00:00',6,42),(165,'ADD ME','2022-05-02 14:00:00','Exercise 9','2022-05-02 12:00:00',6,42),(166,'ADD ME','2022-05-09 14:00:00','Exercise 10','2022-05-09 12:00:00',6,42),(167,'ADD ME','2022-05-16 14:00:00','Exercise 11','2022-05-16 12:00:00',6,42),(168,'ADD ME','2022-05-23 14:00:00','Exercise 12','2022-05-23 12:00:00',6,42),(169,'ADD ME','2022-03-07 14:00:00','Exercise 1','2022-03-07 12:00:00',7,42),(170,'ADD ME','2022-03-14 14:00:00','Exercise 2','2022-03-14 12:00:00',7,42),(171,'ADD ME','2022-03-21 14:00:00','Exercise 3','2022-03-21 12:00:00',7,42),(172,'ADD ME','2022-03-28 14:00:00','Exercise 4','2022-03-28 12:00:00',7,42),(173,'ADD ME','2022-04-04 14:00:00','Exercise 5','2022-04-04 12:00:00',7,42),(174,'ADD ME','2022-04-11 14:00:00','Exercise 6','2022-04-11 12:00:00',7,42),(175,'ADD ME','2022-04-18 14:00:00','Exercise 7','2022-04-18 12:00:00',7,42),(176,'ADD ME','2022-04-25 14:00:00','Exercise 8','2022-04-25 12:00:00',7,42),(177,'ADD ME','2022-05-02 14:00:00','Exercise 9','2022-05-02 12:00:00',7,42),(178,'ADD ME','2022-05-09 14:00:00','Exercise 10','2022-05-09 12:00:00',7,42),(179,'ADD ME','2022-05-16 14:00:00','Exercise 11','2022-05-16 12:00:00',7,42),(180,'ADD ME','2022-05-23 14:00:00','Exercise 12','2022-05-23 12:00:00',7,42),(181,'ADD ME','2022-03-07 14:00:00','Exercise 1','2022-03-07 12:00:00',8,42),(182,'ADD ME','2022-03-14 14:00:00','Exercise 2','2022-03-14 12:00:00',8,42),(183,'ADD ME','2022-03-21 14:00:00','Exercise 3','2022-03-21 12:00:00',8,42),(184,'ADD ME','2022-03-28 14:00:00','Exercise 4','2022-03-28 12:00:00',8,42),(185,'ADD ME','2022-04-04 14:00:00','Exercise 5','2022-04-04 12:00:00',8,42),(186,'ADD ME','2022-04-11 14:00:00','Exercise 6','2022-04-11 12:00:00',8,42),(187,'ADD ME','2022-04-18 14:00:00','Exercise 7','2022-04-18 12:00:00',8,42),(188,'ADD ME','2022-04-25 14:00:00','Exercise 8','2022-04-25 12:00:00',8,42),(189,'ADD ME','2022-05-02 14:00:00','Exercise 9','2022-05-02 12:00:00',8,42),(190,'ADD ME','2022-05-09 14:00:00','Exercise 10','2022-05-09 12:00:00',8,42),(191,'ADD ME','2022-05-16 14:00:00','Exercise 11','2022-05-16 12:00:00',8,42),(192,'ADD ME','2022-05-23 14:00:00','Exercise 12','2022-05-23 12:00:00',8,42);
/*!40000 ALTER TABLE `subject_term` ENABLE KEYS */;
UNLOCK TABLES;

/*!40103 SET TIME_ZONE=@OLD_TIME_ZONE */;

/*!40101 SET SQL_MODE=@OLD_SQL_MODE */;
/*!40014 SET FOREIGN_KEY_CHECKS=@OLD_FOREIGN_KEY_CHECKS */;
/*!40014 SET UNIQUE_CHECKS=@OLD_UNIQUE_CHECKS */;
/*!40101 SET CHARACTER_SET_CLIENT=@OLD_CHARACTER_SET_CLIENT */;
/*!40101 SET CHARACTER_SET_RESULTS=@OLD_CHARACTER_SET_RESULTS */;
/*!40101 SET COLLATION_CONNECTION=@OLD_COLLATION_CONNECTION */;
/*!40111 SET SQL_NOTES=@OLD_SQL_NOTES */;

-- Dump completed on 2022-06-06 11:09:06
