-- MySQL dump 10.13  Distrib 8.0.29, for Linux (x86_64)
--
-- Host: 127.0.0.1    Database: lms-exam
-- ------------------------------------------------------
-- Server version	8.0.29

/*!40101 SET @OLD_CHARACTER_SET_CLIENT=@@CHARACTER_SET_CLIENT */;
/*!40101 SET @OLD_CHARACTER_SET_RESULTS=@@CHARACTER_SET_RESULTS */;
/*!40101 SET @OLD_COLLATION_CONNECTION=@@COLLATION_CONNECTION */;
/*!50503 SET NAMES utf8 */;
/*!40103 SET @OLD_TIME_ZONE=@@TIME_ZONE */;
/*!40103 SET TIME_ZONE='+00:00' */;
/*!40014 SET @OLD_UNIQUE_CHECKS=@@UNIQUE_CHECKS, UNIQUE_CHECKS=0 */;
/*!40014 SET @OLD_FOREIGN_KEY_CHECKS=@@FOREIGN_KEY_CHECKS, FOREIGN_KEY_CHECKS=0 */;
/*!40101 SET @OLD_SQL_MODE=@@SQL_MODE, SQL_MODE='NO_AUTO_VALUE_ON_ZERO' */;
/*!40111 SET @OLD_SQL_NOTES=@@SQL_NOTES, SQL_NOTES=0 */;

--
-- Dumping data for table `exam`
--

LOCK TABLES `exam` WRITE;
/*!40000 ALTER TABLE `exam` DISABLE KEYS */;
INSERT INTO `exam` (id, description, maximum_score, minimum_score, name, exam_type_id, subject_id) VALUES (1,'Lorem ipsum dolor sit amet consectetur adipisicing elit. Quae quia commodi alias impedit obcaecati quasi facilis eum fugit dicta, voluptatum in molestiae accusantium, minus nam qui quos minima pariatur laborum. Aut voluptatum, culpa quae rerum a sequi velit quisquam beatae praesentium! Tempora, sapiente sed earum quia numquam placeat sequi expedita!',30,15,'Test I',4,1),(2,'Lorem ipsum dolor sit amet consectetur adipisicing elit. Quae quia commodi alias impedit obcaecati quasi facilis eum fugit dicta, voluptatum in molestiae accusantium, minus nam qui quos minima pariatur laborum. Aut voluptatum, culpa quae rerum a sequi velit quisquam beatae praesentium! Tempora, sapiente sed earum quia numquam placeat sequi expedita!',30,15,'Test II',4,1),(3,'Lorem ipsum dolor sit amet consectetur adipisicing elit. Quae quia commodi alias impedit obcaecati quasi facilis eum fugit dicta, voluptatum in molestiae accusantium, minus nam qui quos minima pariatur laborum. Aut voluptatum, culpa quae rerum a sequi velit quisquam beatae praesentium! Tempora, sapiente sed earum quia numquam placeat sequi expedita!',30,0,'Final exam',6,1),(4,'Lorem ipsum dolor sit amet consectetur adipisicing elit. Quae quia commodi alias impedit obcaecati quasi facilis eum fugit dicta, voluptatum in molestiae accusantium, minus nam qui quos minima pariatur laborum. Aut voluptatum, culpa quae rerum a sequi velit quisquam beatae praesentium! Tempora, sapiente sed earum quia numquam placeat sequi expedita!',30,15,'Test I',4,2),(5,'Lorem ipsum dolor sit amet consectetur adipisicing elit. Quae quia commodi alias impedit obcaecati quasi facilis eum fugit dicta, voluptatum in molestiae accusantium, minus nam qui quos minima pariatur laborum. Aut voluptatum, culpa quae rerum a sequi velit quisquam beatae praesentium! Tempora, sapiente sed earum quia numquam placeat sequi expedita!',30,15,'Test II',4,2),(6,'Lorem ipsum dolor sit amet consectetur adipisicing elit. Quae quia commodi alias impedit obcaecati quasi facilis eum fugit dicta, voluptatum in molestiae accusantium, minus nam qui quos minima pariatur laborum. Aut voluptatum, culpa quae rerum a sequi velit quisquam beatae praesentium! Tempora, sapiente sed earum quia numquam placeat sequi expedita!',30,0,'Final exam',6,2),(7,'Lorem ipsum dolor sit amet consectetur adipisicing elit. Quae quia commodi alias impedit obcaecati quasi facilis eum fugit dicta, voluptatum in molestiae accusantium, minus nam qui quos minima pariatur laborum. Aut voluptatum, culpa quae rerum a sequi velit quisquam beatae praesentium! Tempora, sapiente sed earum quia numquam placeat sequi expedita!',30,15,'Test I',4,3),(8,'Lorem ipsum dolor sit amet consectetur adipisicing elit. Quae quia commodi alias impedit obcaecati quasi facilis eum fugit dicta, voluptatum in molestiae accusantium, minus nam qui quos minima pariatur laborum. Aut voluptatum, culpa quae rerum a sequi velit quisquam beatae praesentium! Tempora, sapiente sed earum quia numquam placeat sequi expedita!',30,15,'Test II',4,3),(9,'Lorem ipsum dolor sit amet consectetur adipisicing elit. Quae quia commodi alias impedit obcaecati quasi facilis eum fugit dicta, voluptatum in molestiae accusantium, minus nam qui quos minima pariatur laborum. Aut voluptatum, culpa quae rerum a sequi velit quisquam beatae praesentium! Tempora, sapiente sed earum quia numquam placeat sequi expedita!',30,0,'Final exam',6,3),(10,'Lorem ipsum dolor sit amet consectetur adipisicing elit. Quae quia commodi alias impedit obcaecati quasi facilis eum fugit dicta, voluptatum in molestiae accusantium, minus nam qui quos minima pariatur laborum. Aut voluptatum, culpa quae rerum a sequi velit quisquam beatae praesentium! Tempora, sapiente sed earum quia numquam placeat sequi expedita!',30,15,'Test I',4,4),(11,'Lorem ipsum dolor sit amet consectetur adipisicing elit. Quae quia commodi alias impedit obcaecati quasi facilis eum fugit dicta, voluptatum in molestiae accusantium, minus nam qui quos minima pariatur laborum. Aut voluptatum, culpa quae rerum a sequi velit quisquam beatae praesentium! Tempora, sapiente sed earum quia numquam placeat sequi expedita!',30,15,'Test II',4,4),(12,'Lorem ipsum dolor sit amet consectetur adipisicing elit. Quae quia commodi alias impedit obcaecati quasi facilis eum fugit dicta, voluptatum in molestiae accusantium, minus nam qui quos minima pariatur laborum. Aut voluptatum, culpa quae rerum a sequi velit quisquam beatae praesentium! Tempora, sapiente sed earum quia numquam placeat sequi expedita!',30,0,'Final exam',6,4),(13,'Lorem ipsum dolor sit amet consectetur adipisicing elit. Quae quia commodi alias impedit obcaecati quasi facilis eum fugit dicta, voluptatum in molestiae accusantium, minus nam qui quos minima pariatur laborum. Aut voluptatum, culpa quae rerum a sequi velit quisquam beatae praesentium! Tempora, sapiente sed earum quia numquam placeat sequi expedita!',30,15,'Test I',4,5),(14,'Lorem ipsum dolor sit amet consectetur adipisicing elit. Quae quia commodi alias impedit obcaecati quasi facilis eum fugit dicta, voluptatum in molestiae accusantium, minus nam qui quos minima pariatur laborum. Aut voluptatum, culpa quae rerum a sequi velit quisquam beatae praesentium! Tempora, sapiente sed earum quia numquam placeat sequi expedita!',30,15,'Test II',4,5),(15,'Lorem ipsum dolor sit amet consectetur adipisicing elit. Quae quia commodi alias impedit obcaecati quasi facilis eum fugit dicta, voluptatum in molestiae accusantium, minus nam qui quos minima pariatur laborum. Aut voluptatum, culpa quae rerum a sequi velit quisquam beatae praesentium! Tempora, sapiente sed earum quia numquam placeat sequi expedita!',30,0,'Final exam',6,5),(16,'Lorem ipsum dolor sit amet consectetur adipisicing elit. Quae quia commodi alias impedit obcaecati quasi facilis eum fugit dicta, voluptatum in molestiae accusantium, minus nam qui quos minima pariatur laborum. Aut voluptatum, culpa quae rerum a sequi velit quisquam beatae praesentium! Tempora, sapiente sed earum quia numquam placeat sequi expedita!',30,15,'Test I',4,6),(17,'Lorem ipsum dolor sit amet consectetur adipisicing elit. Quae quia commodi alias impedit obcaecati quasi facilis eum fugit dicta, voluptatum in molestiae accusantium, minus nam qui quos minima pariatur laborum. Aut voluptatum, culpa quae rerum a sequi velit quisquam beatae praesentium! Tempora, sapiente sed earum quia numquam placeat sequi expedita!',30,15,'Test II',4,6),(18,'Lorem ipsum dolor sit amet consectetur adipisicing elit. Quae quia commodi alias impedit obcaecati quasi facilis eum fugit dicta, voluptatum in molestiae accusantium, minus nam qui quos minima pariatur laborum. Aut voluptatum, culpa quae rerum a sequi velit quisquam beatae praesentium! Tempora, sapiente sed earum quia numquam placeat sequi expedita!',30,0,'Final exam',6,6),(19,'Lorem ipsum dolor sit amet consectetur adipisicing elit. Quae quia commodi alias impedit obcaecati quasi facilis eum fugit dicta, voluptatum in molestiae accusantium, minus nam qui quos minima pariatur laborum. Aut voluptatum, culpa quae rerum a sequi velit quisquam beatae praesentium! Tempora, sapiente sed earum quia numquam placeat sequi expedita!',30,15,'Test I',4,7),(20,'Lorem ipsum dolor sit amet consectetur adipisicing elit. Quae quia commodi alias impedit obcaecati quasi facilis eum fugit dicta, voluptatum in molestiae accusantium, minus nam qui quos minima pariatur laborum. Aut voluptatum, culpa quae rerum a sequi velit quisquam beatae praesentium! Tempora, sapiente sed earum quia numquam placeat sequi expedita!',30,15,'Test II',4,7),(21,'Lorem ipsum dolor sit amet consectetur adipisicing elit. Quae quia commodi alias impedit obcaecati quasi facilis eum fugit dicta, voluptatum in molestiae accusantium, minus nam qui quos minima pariatur laborum. Aut voluptatum, culpa quae rerum a sequi velit quisquam beatae praesentium! Tempora, sapiente sed earum quia numquam placeat sequi expedita!',30,0,'Final exam',6,7),(22,'Lorem ipsum dolor sit amet consectetur adipisicing elit. Quae quia commodi alias impedit obcaecati quasi facilis eum fugit dicta, voluptatum in molestiae accusantium, minus nam qui quos minima pariatur laborum. Aut voluptatum, culpa quae rerum a sequi velit quisquam beatae praesentium! Tempora, sapiente sed earum quia numquam placeat sequi expedita!',30,15,'Test I',4,8),(23,'Lorem ipsum dolor sit amet consectetur adipisicing elit. Quae quia commodi alias impedit obcaecati quasi facilis eum fugit dicta, voluptatum in molestiae accusantium, minus nam qui quos minima pariatur laborum. Aut voluptatum, culpa quae rerum a sequi velit quisquam beatae praesentium! Tempora, sapiente sed earum quia numquam placeat sequi expedita!',30,15,'Test II',4,8),(24,'Lorem ipsum dolor sit amet consectetur adipisicing elit. Quae quia commodi alias impedit obcaecati quasi facilis eum fugit dicta, voluptatum in molestiae accusantium, minus nam qui quos minima pariatur laborum. Aut voluptatum, culpa quae rerum a sequi velit quisquam beatae praesentium! Tempora, sapiente sed earum quia numquam placeat sequi expedita!',30,0,'Final exam',6,8),(25,'Lorem ipsum dolor sit amet consectetur adipisicing elit. Quae quia commodi alias impedit obcaecati quasi facilis eum fugit dicta, voluptatum in molestiae accusantium, minus nam qui quos minima pariatur laborum. Aut voluptatum, culpa quae rerum a sequi velit quisquam beatae praesentium! Tempora, sapiente sed earum quia numquam placeat sequi expedita!',30,15,'Test I',4,9),(26,'Lorem ipsum dolor sit amet consectetur adipisicing elit. Quae quia commodi alias impedit obcaecati quasi facilis eum fugit dicta, voluptatum in molestiae accusantium, minus nam qui quos minima pariatur laborum. Aut voluptatum, culpa quae rerum a sequi velit quisquam beatae praesentium! Tempora, sapiente sed earum quia numquam placeat sequi expedita!',30,15,'Test II',4,9),(27,'Lorem ipsum dolor sit amet consectetur adipisicing elit. Quae quia commodi alias impedit obcaecati quasi facilis eum fugit dicta, voluptatum in molestiae accusantium, minus nam qui quos minima pariatur laborum. Aut voluptatum, culpa quae rerum a sequi velit quisquam beatae praesentium! Tempora, sapiente sed earum quia numquam placeat sequi expedita!',30,0,'Final exam',6,9),(28,'Lorem ipsum dolor sit amet consectetur adipisicing elit. Quae quia commodi alias impedit obcaecati quasi facilis eum fugit dicta, voluptatum in molestiae accusantium, minus nam qui quos minima pariatur laborum. Aut voluptatum, culpa quae rerum a sequi velit quisquam beatae praesentium! Tempora, sapiente sed earum quia numquam placeat sequi expedita!',30,15,'Test I',4,10),(29,'Lorem ipsum dolor sit amet consectetur adipisicing elit. Quae quia commodi alias impedit obcaecati quasi facilis eum fugit dicta, voluptatum in molestiae accusantium, minus nam qui quos minima pariatur laborum. Aut voluptatum, culpa quae rerum a sequi velit quisquam beatae praesentium! Tempora, sapiente sed earum quia numquam placeat sequi expedita!',30,15,'Test II',4,10),(30,'Lorem ipsum dolor sit amet consectetur adipisicing elit. Quae quia commodi alias impedit obcaecati quasi facilis eum fugit dicta, voluptatum in molestiae accusantium, minus nam qui quos minima pariatur laborum. Aut voluptatum, culpa quae rerum a sequi velit quisquam beatae praesentium! Tempora, sapiente sed earum quia numquam placeat sequi expedita!',30,0,'Final exam',6,10),(31,'Lorem ipsum dolor sit amet consectetur adipisicing elit. Quae quia commodi alias impedit obcaecati quasi facilis eum fugit dicta, voluptatum in molestiae accusantium, minus nam qui quos minima pariatur laborum. Aut voluptatum, culpa quae rerum a sequi velit quisquam beatae praesentium! Tempora, sapiente sed earum quia numquam placeat sequi expedita!',30,15,'Test I',4,11),(32,'Lorem ipsum dolor sit amet consectetur adipisicing elit. Quae quia commodi alias impedit obcaecati quasi facilis eum fugit dicta, voluptatum in molestiae accusantium, minus nam qui quos minima pariatur laborum. Aut voluptatum, culpa quae rerum a sequi velit quisquam beatae praesentium! Tempora, sapiente sed earum quia numquam placeat sequi expedita!',30,15,'Test II',4,11),(33,'Lorem ipsum dolor sit amet consectetur adipisicing elit. Quae quia commodi alias impedit obcaecati quasi facilis eum fugit dicta, voluptatum in molestiae accusantium, minus nam qui quos minima pariatur laborum. Aut voluptatum, culpa quae rerum a sequi velit quisquam beatae praesentium! Tempora, sapiente sed earum quia numquam placeat sequi expedita!',30,0,'Final exam',6,11),(34,'Lorem ipsum dolor sit amet consectetur adipisicing elit. Quae quia commodi alias impedit obcaecati quasi facilis eum fugit dicta, voluptatum in molestiae accusantium, minus nam qui quos minima pariatur laborum. Aut voluptatum, culpa quae rerum a sequi velit quisquam beatae praesentium! Tempora, sapiente sed earum quia numquam placeat sequi expedita!',30,15,'Test I',4,12),(35,'Lorem ipsum dolor sit amet consectetur adipisicing elit. Quae quia commodi alias impedit obcaecati quasi facilis eum fugit dicta, voluptatum in molestiae accusantium, minus nam qui quos minima pariatur laborum. Aut voluptatum, culpa quae rerum a sequi velit quisquam beatae praesentium! Tempora, sapiente sed earum quia numquam placeat sequi expedita!',30,15,'Test II',4,12),(36,'Lorem ipsum dolor sit amet consectetur adipisicing elit. Quae quia commodi alias impedit obcaecati quasi facilis eum fugit dicta, voluptatum in molestiae accusantium, minus nam qui quos minima pariatur laborum. Aut voluptatum, culpa quae rerum a sequi velit quisquam beatae praesentium! Tempora, sapiente sed earum quia numquam placeat sequi expedita!',30,0,'Final exam',6,12),(37,'Lorem ipsum dolor sit amet consectetur adipisicing elit. Quae quia commodi alias impedit obcaecati quasi facilis eum fugit dicta, voluptatum in molestiae accusantium, minus nam qui quos minima pariatur laborum. Aut voluptatum, culpa quae rerum a sequi velit quisquam beatae praesentium! Tempora, sapiente sed earum quia numquam placeat sequi expedita!',30,15,'Test I',4,13),(38,'Lorem ipsum dolor sit amet consectetur adipisicing elit. Quae quia commodi alias impedit obcaecati quasi facilis eum fugit dicta, voluptatum in molestiae accusantium, minus nam qui quos minima pariatur laborum. Aut voluptatum, culpa quae rerum a sequi velit quisquam beatae praesentium! Tempora, sapiente sed earum quia numquam placeat sequi expedita!',30,15,'Test II',4,13),(39,'Lorem ipsum dolor sit amet consectetur adipisicing elit. Quae quia commodi alias impedit obcaecati quasi facilis eum fugit dicta, voluptatum in molestiae accusantium, minus nam qui quos minima pariatur laborum. Aut voluptatum, culpa quae rerum a sequi velit quisquam beatae praesentium! Tempora, sapiente sed earum quia numquam placeat sequi expedita!',30,0,'Final exam',6,13),(40,'Lorem ipsum dolor sit amet consectetur adipisicing elit. Quae quia commodi alias impedit obcaecati quasi facilis eum fugit dicta, voluptatum in molestiae accusantium, minus nam qui quos minima pariatur laborum. Aut voluptatum, culpa quae rerum a sequi velit quisquam beatae praesentium! Tempora, sapiente sed earum quia numquam placeat sequi expedita!',30,15,'Test I',4,14),(41,'Lorem ipsum dolor sit amet consectetur adipisicing elit. Quae quia commodi alias impedit obcaecati quasi facilis eum fugit dicta, voluptatum in molestiae accusantium, minus nam qui quos minima pariatur laborum. Aut voluptatum, culpa quae rerum a sequi velit quisquam beatae praesentium! Tempora, sapiente sed earum quia numquam placeat sequi expedita!',30,15,'Test II',4,14),(42,'Lorem ipsum dolor sit amet consectetur adipisicing elit. Quae quia commodi alias impedit obcaecati quasi facilis eum fugit dicta, voluptatum in molestiae accusantium, minus nam qui quos minima pariatur laborum. Aut voluptatum, culpa quae rerum a sequi velit quisquam beatae praesentium! Tempora, sapiente sed earum quia numquam placeat sequi expedita!',30,0,'Final exam',6,14),(43,'Lorem ipsum dolor sit amet consectetur adipisicing elit. Quae quia commodi alias impedit obcaecati quasi facilis eum fugit dicta, voluptatum in molestiae accusantium, minus nam qui quos minima pariatur laborum. Aut voluptatum, culpa quae rerum a sequi velit quisquam beatae praesentium! Tempora, sapiente sed earum quia numquam placeat sequi expedita!',30,15,'Test I',4,15),(44,'Lorem ipsum dolor sit amet consectetur adipisicing elit. Quae quia commodi alias impedit obcaecati quasi facilis eum fugit dicta, voluptatum in molestiae accusantium, minus nam qui quos minima pariatur laborum. Aut voluptatum, culpa quae rerum a sequi velit quisquam beatae praesentium! Tempora, sapiente sed earum quia numquam placeat sequi expedita!',30,15,'Test II',4,15),(45,'Lorem ipsum dolor sit amet consectetur adipisicing elit. Quae quia commodi alias impedit obcaecati quasi facilis eum fugit dicta, voluptatum in molestiae accusantium, minus nam qui quos minima pariatur laborum. Aut voluptatum, culpa quae rerum a sequi velit quisquam beatae praesentium! Tempora, sapiente sed earum quia numquam placeat sequi expedita!',30,0,'Final exam',6,15),(46,'Lorem ipsum dolor sit amet consectetur adipisicing elit. Quae quia commodi alias impedit obcaecati quasi facilis eum fugit dicta, voluptatum in molestiae accusantium, minus nam qui quos minima pariatur laborum. Aut voluptatum, culpa quae rerum a sequi velit quisquam beatae praesentium! Tempora, sapiente sed earum quia numquam placeat sequi expedita!',30,15,'Test I',4,16),(47,'Lorem ipsum dolor sit amet consectetur adipisicing elit. Quae quia commodi alias impedit obcaecati quasi facilis eum fugit dicta, voluptatum in molestiae accusantium, minus nam qui quos minima pariatur laborum. Aut voluptatum, culpa quae rerum a sequi velit quisquam beatae praesentium! Tempora, sapiente sed earum quia numquam placeat sequi expedita!',30,15,'Test II',4,16),(48,'Lorem ipsum dolor sit amet consectetur adipisicing elit. Quae quia commodi alias impedit obcaecati quasi facilis eum fugit dicta, voluptatum in molestiae accusantium, minus nam qui quos minima pariatur laborum. Aut voluptatum, culpa quae rerum a sequi velit quisquam beatae praesentium! Tempora, sapiente sed earum quia numquam placeat sequi expedita!',30,0,'Final exam',6,16),(49,'Lorem ipsum dolor sit amet consectetur adipisicing elit. Quae quia commodi alias impedit obcaecati quasi facilis eum fugit dicta, voluptatum in molestiae accusantium, minus nam qui quos minima pariatur laborum. Aut voluptatum, culpa quae rerum a sequi velit quisquam beatae praesentium! Tempora, sapiente sed earum quia numquam placeat sequi expedita!',30,15,'Test I',4,17),(50,'Lorem ipsum dolor sit amet consectetur adipisicing elit. Quae quia commodi alias impedit obcaecati quasi facilis eum fugit dicta, voluptatum in molestiae accusantium, minus nam qui quos minima pariatur laborum. Aut voluptatum, culpa quae rerum a sequi velit quisquam beatae praesentium! Tempora, sapiente sed earum quia numquam placeat sequi expedita!',30,15,'Test II',4,17),(51,'Lorem ipsum dolor sit amet consectetur adipisicing elit. Quae quia commodi alias impedit obcaecati quasi facilis eum fugit dicta, voluptatum in molestiae accusantium, minus nam qui quos minima pariatur laborum. Aut voluptatum, culpa quae rerum a sequi velit quisquam beatae praesentium! Tempora, sapiente sed earum quia numquam placeat sequi expedita!',30,0,'Final exam',6,17),(52,'Lorem ipsum dolor sit amet consectetur adipisicing elit. Quae quia commodi alias impedit obcaecati quasi facilis eum fugit dicta, voluptatum in molestiae accusantium, minus nam qui quos minima pariatur laborum. Aut voluptatum, culpa quae rerum a sequi velit quisquam beatae praesentium! Tempora, sapiente sed earum quia numquam placeat sequi expedita!',30,15,'Test I',4,18),(53,'Lorem ipsum dolor sit amet consectetur adipisicing elit. Quae quia commodi alias impedit obcaecati quasi facilis eum fugit dicta, voluptatum in molestiae accusantium, minus nam qui quos minima pariatur laborum. Aut voluptatum, culpa quae rerum a sequi velit quisquam beatae praesentium! Tempora, sapiente sed earum quia numquam placeat sequi expedita!',30,15,'Test II',4,18),(54,'Lorem ipsum dolor sit amet consectetur adipisicing elit. Quae quia commodi alias impedit obcaecati quasi facilis eum fugit dicta, voluptatum in molestiae accusantium, minus nam qui quos minima pariatur laborum. Aut voluptatum, culpa quae rerum a sequi velit quisquam beatae praesentium! Tempora, sapiente sed earum quia numquam placeat sequi expedita!',30,0,'Final exam',6,18),(55,'Lorem ipsum dolor sit amet consectetur adipisicing elit. Quae quia commodi alias impedit obcaecati quasi facilis eum fugit dicta, voluptatum in molestiae accusantium, minus nam qui quos minima pariatur laborum. Aut voluptatum, culpa quae rerum a sequi velit quisquam beatae praesentium! Tempora, sapiente sed earum quia numquam placeat sequi expedita!',30,15,'Test I',4,19),(56,'Lorem ipsum dolor sit amet consectetur adipisicing elit. Quae quia commodi alias impedit obcaecati quasi facilis eum fugit dicta, voluptatum in molestiae accusantium, minus nam qui quos minima pariatur laborum. Aut voluptatum, culpa quae rerum a sequi velit quisquam beatae praesentium! Tempora, sapiente sed earum quia numquam placeat sequi expedita!',30,15,'Test II',4,19),(57,'Lorem ipsum dolor sit amet consectetur adipisicing elit. Quae quia commodi alias impedit obcaecati quasi facilis eum fugit dicta, voluptatum in molestiae accusantium, minus nam qui quos minima pariatur laborum. Aut voluptatum, culpa quae rerum a sequi velit quisquam beatae praesentium! Tempora, sapiente sed earum quia numquam placeat sequi expedita!',30,0,'Final exam',6,19),(58,'Lorem ipsum dolor sit amet consectetur adipisicing elit. Quae quia commodi alias impedit obcaecati quasi facilis eum fugit dicta, voluptatum in molestiae accusantium, minus nam qui quos minima pariatur laborum. Aut voluptatum, culpa quae rerum a sequi velit quisquam beatae praesentium! Tempora, sapiente sed earum quia numquam placeat sequi expedita!',30,15,'Test I',4,20),(59,'Lorem ipsum dolor sit amet consectetur adipisicing elit. Quae quia commodi alias impedit obcaecati quasi facilis eum fugit dicta, voluptatum in molestiae accusantium, minus nam qui quos minima pariatur laborum. Aut voluptatum, culpa quae rerum a sequi velit quisquam beatae praesentium! Tempora, sapiente sed earum quia numquam placeat sequi expedita!',30,15,'Test II',4,20),(60,'Lorem ipsum dolor sit amet consectetur adipisicing elit. Quae quia commodi alias impedit obcaecati quasi facilis eum fugit dicta, voluptatum in molestiae accusantium, minus nam qui quos minima pariatur laborum. Aut voluptatum, culpa quae rerum a sequi velit quisquam beatae praesentium! Tempora, sapiente sed earum quia numquam placeat sequi expedita!',30,0,'Final exam',6,20),(61,'Lorem ipsum dolor sit amet consectetur adipisicing elit. Quae quia commodi alias impedit obcaecati quasi facilis eum fugit dicta, voluptatum in molestiae accusantium, minus nam qui quos minima pariatur laborum. Aut voluptatum, culpa quae rerum a sequi velit quisquam beatae praesentium! Tempora, sapiente sed earum quia numquam placeat sequi expedita!',30,15,'Test I',4,21),(62,'Lorem ipsum dolor sit amet consectetur adipisicing elit. Quae quia commodi alias impedit obcaecati quasi facilis eum fugit dicta, voluptatum in molestiae accusantium, minus nam qui quos minima pariatur laborum. Aut voluptatum, culpa quae rerum a sequi velit quisquam beatae praesentium! Tempora, sapiente sed earum quia numquam placeat sequi expedita!',30,15,'Test II',4,21),(63,'Lorem ipsum dolor sit amet consectetur adipisicing elit. Quae quia commodi alias impedit obcaecati quasi facilis eum fugit dicta, voluptatum in molestiae accusantium, minus nam qui quos minima pariatur laborum. Aut voluptatum, culpa quae rerum a sequi velit quisquam beatae praesentium! Tempora, sapiente sed earum quia numquam placeat sequi expedita!',30,0,'Final exam',6,21),(64,'Lorem ipsum dolor sit amet consectetur adipisicing elit. Quae quia commodi alias impedit obcaecati quasi facilis eum fugit dicta, voluptatum in molestiae accusantium, minus nam qui quos minima pariatur laborum. Aut voluptatum, culpa quae rerum a sequi velit quisquam beatae praesentium! Tempora, sapiente sed earum quia numquam placeat sequi expedita!',30,15,'Test I',4,22),(65,'Lorem ipsum dolor sit amet consectetur adipisicing elit. Quae quia commodi alias impedit obcaecati quasi facilis eum fugit dicta, voluptatum in molestiae accusantium, minus nam qui quos minima pariatur laborum. Aut voluptatum, culpa quae rerum a sequi velit quisquam beatae praesentium! Tempora, sapiente sed earum quia numquam placeat sequi expedita!',30,15,'Test II',4,22),(66,'Lorem ipsum dolor sit amet consectetur adipisicing elit. Quae quia commodi alias impedit obcaecati quasi facilis eum fugit dicta, voluptatum in molestiae accusantium, minus nam qui quos minima pariatur laborum. Aut voluptatum, culpa quae rerum a sequi velit quisquam beatae praesentium! Tempora, sapiente sed earum quia numquam placeat sequi expedita!',30,0,'Final exam',6,22),(67,'Lorem ipsum dolor sit amet consectetur adipisicing elit. Quae quia commodi alias impedit obcaecati quasi facilis eum fugit dicta, voluptatum in molestiae accusantium, minus nam qui quos minima pariatur laborum. Aut voluptatum, culpa quae rerum a sequi velit quisquam beatae praesentium! Tempora, sapiente sed earum quia numquam placeat sequi expedita!',30,15,'Test I',4,23),(68,'Lorem ipsum dolor sit amet consectetur adipisicing elit. Quae quia commodi alias impedit obcaecati quasi facilis eum fugit dicta, voluptatum in molestiae accusantium, minus nam qui quos minima pariatur laborum. Aut voluptatum, culpa quae rerum a sequi velit quisquam beatae praesentium! Tempora, sapiente sed earum quia numquam placeat sequi expedita!',30,15,'Test II',4,23),(69,'Lorem ipsum dolor sit amet consectetur adipisicing elit. Quae quia commodi alias impedit obcaecati quasi facilis eum fugit dicta, voluptatum in molestiae accusantium, minus nam qui quos minima pariatur laborum. Aut voluptatum, culpa quae rerum a sequi velit quisquam beatae praesentium! Tempora, sapiente sed earum quia numquam placeat sequi expedita!',30,0,'Final exam',6,23),(70,'Lorem ipsum dolor sit amet consectetur adipisicing elit. Quae quia commodi alias impedit obcaecati quasi facilis eum fugit dicta, voluptatum in molestiae accusantium, minus nam qui quos minima pariatur laborum. Aut voluptatum, culpa quae rerum a sequi velit quisquam beatae praesentium! Tempora, sapiente sed earum quia numquam placeat sequi expedita!',30,15,'Test I',4,24),(71,'Lorem ipsum dolor sit amet consectetur adipisicing elit. Quae quia commodi alias impedit obcaecati quasi facilis eum fugit dicta, voluptatum in molestiae accusantium, minus nam qui quos minima pariatur laborum. Aut voluptatum, culpa quae rerum a sequi velit quisquam beatae praesentium! Tempora, sapiente sed earum quia numquam placeat sequi expedita!',30,15,'Test II',4,24),(72,'Lorem ipsum dolor sit amet consectetur adipisicing elit. Quae quia commodi alias impedit obcaecati quasi facilis eum fugit dicta, voluptatum in molestiae accusantium, minus nam qui quos minima pariatur laborum. Aut voluptatum, culpa quae rerum a sequi velit quisquam beatae praesentium! Tempora, sapiente sed earum quia numquam placeat sequi expedita!',30,0,'Final exam',6,24),(73,'Lorem ipsum dolor sit amet consectetur adipisicing elit. Quae quia commodi alias impedit obcaecati quasi facilis eum fugit dicta, voluptatum in molestiae accusantium, minus nam qui quos minima pariatur laborum. Aut voluptatum, culpa quae rerum a sequi velit quisquam beatae praesentium! Tempora, sapiente sed earum quia numquam placeat sequi expedita!',30,15,'Test I',4,25),(74,'Lorem ipsum dolor sit amet consectetur adipisicing elit. Quae quia commodi alias impedit obcaecati quasi facilis eum fugit dicta, voluptatum in molestiae accusantium, minus nam qui quos minima pariatur laborum. Aut voluptatum, culpa quae rerum a sequi velit quisquam beatae praesentium! Tempora, sapiente sed earum quia numquam placeat sequi expedita!',30,15,'Test II',4,25),(75,'Lorem ipsum dolor sit amet consectetur adipisicing elit. Quae quia commodi alias impedit obcaecati quasi facilis eum fugit dicta, voluptatum in molestiae accusantium, minus nam qui quos minima pariatur laborum. Aut voluptatum, culpa quae rerum a sequi velit quisquam beatae praesentium! Tempora, sapiente sed earum quia numquam placeat sequi expedita!',30,0,'Final exam',6,25),(76,'Lorem ipsum dolor sit amet consectetur adipisicing elit. Quae quia commodi alias impedit obcaecati quasi facilis eum fugit dicta, voluptatum in molestiae accusantium, minus nam qui quos minima pariatur laborum. Aut voluptatum, culpa quae rerum a sequi velit quisquam beatae praesentium! Tempora, sapiente sed earum quia numquam placeat sequi expedita!',30,15,'Test I',4,26),(77,'Lorem ipsum dolor sit amet consectetur adipisicing elit. Quae quia commodi alias impedit obcaecati quasi facilis eum fugit dicta, voluptatum in molestiae accusantium, minus nam qui quos minima pariatur laborum. Aut voluptatum, culpa quae rerum a sequi velit quisquam beatae praesentium! Tempora, sapiente sed earum quia numquam placeat sequi expedita!',30,15,'Test II',4,26),(78,'Lorem ipsum dolor sit amet consectetur adipisicing elit. Quae quia commodi alias impedit obcaecati quasi facilis eum fugit dicta, voluptatum in molestiae accusantium, minus nam qui quos minima pariatur laborum. Aut voluptatum, culpa quae rerum a sequi velit quisquam beatae praesentium! Tempora, sapiente sed earum quia numquam placeat sequi expedita!',30,0,'Final exam',6,26),(79,'Lorem ipsum dolor sit amet consectetur adipisicing elit. Quae quia commodi alias impedit obcaecati quasi facilis eum fugit dicta, voluptatum in molestiae accusantium, minus nam qui quos minima pariatur laborum. Aut voluptatum, culpa quae rerum a sequi velit quisquam beatae praesentium! Tempora, sapiente sed earum quia numquam placeat sequi expedita!',30,15,'Test I',4,27),(80,'Lorem ipsum dolor sit amet consectetur adipisicing elit. Quae quia commodi alias impedit obcaecati quasi facilis eum fugit dicta, voluptatum in molestiae accusantium, minus nam qui quos minima pariatur laborum. Aut voluptatum, culpa quae rerum a sequi velit quisquam beatae praesentium! Tempora, sapiente sed earum quia numquam placeat sequi expedita!',30,15,'Test II',4,27),(81,'Lorem ipsum dolor sit amet consectetur adipisicing elit. Quae quia commodi alias impedit obcaecati quasi facilis eum fugit dicta, voluptatum in molestiae accusantium, minus nam qui quos minima pariatur laborum. Aut voluptatum, culpa quae rerum a sequi velit quisquam beatae praesentium! Tempora, sapiente sed earum quia numquam placeat sequi expedita!',30,0,'Final exam',6,27),(82,'Lorem ipsum dolor sit amet consectetur adipisicing elit. Quae quia commodi alias impedit obcaecati quasi facilis eum fugit dicta, voluptatum in molestiae accusantium, minus nam qui quos minima pariatur laborum. Aut voluptatum, culpa quae rerum a sequi velit quisquam beatae praesentium! Tempora, sapiente sed earum quia numquam placeat sequi expedita!',30,15,'Test I',4,28),(83,'Lorem ipsum dolor sit amet consectetur adipisicing elit. Quae quia commodi alias impedit obcaecati quasi facilis eum fugit dicta, voluptatum in molestiae accusantium, minus nam qui quos minima pariatur laborum. Aut voluptatum, culpa quae rerum a sequi velit quisquam beatae praesentium! Tempora, sapiente sed earum quia numquam placeat sequi expedita!',30,15,'Test II',4,28),(84,'Lorem ipsum dolor sit amet consectetur adipisicing elit. Quae quia commodi alias impedit obcaecati quasi facilis eum fugit dicta, voluptatum in molestiae accusantium, minus nam qui quos minima pariatur laborum. Aut voluptatum, culpa quae rerum a sequi velit quisquam beatae praesentium! Tempora, sapiente sed earum quia numquam placeat sequi expedita!',30,0,'Final exam',6,28),(85,'Lorem ipsum dolor sit amet consectetur adipisicing elit. Quae quia commodi alias impedit obcaecati quasi facilis eum fugit dicta, voluptatum in molestiae accusantium, minus nam qui quos minima pariatur laborum. Aut voluptatum, culpa quae rerum a sequi velit quisquam beatae praesentium! Tempora, sapiente sed earum quia numquam placeat sequi expedita!',30,15,'Test I',4,29),(86,'Lorem ipsum dolor sit amet consectetur adipisicing elit. Quae quia commodi alias impedit obcaecati quasi facilis eum fugit dicta, voluptatum in molestiae accusantium, minus nam qui quos minima pariatur laborum. Aut voluptatum, culpa quae rerum a sequi velit quisquam beatae praesentium! Tempora, sapiente sed earum quia numquam placeat sequi expedita!',30,15,'Test II',4,29),(87,'Lorem ipsum dolor sit amet consectetur adipisicing elit. Quae quia commodi alias impedit obcaecati quasi facilis eum fugit dicta, voluptatum in molestiae accusantium, minus nam qui quos minima pariatur laborum. Aut voluptatum, culpa quae rerum a sequi velit quisquam beatae praesentium! Tempora, sapiente sed earum quia numquam placeat sequi expedita!',30,0,'Final exam',6,29),(88,'Lorem ipsum dolor sit amet consectetur adipisicing elit. Quae quia commodi alias impedit obcaecati quasi facilis eum fugit dicta, voluptatum in molestiae accusantium, minus nam qui quos minima pariatur laborum. Aut voluptatum, culpa quae rerum a sequi velit quisquam beatae praesentium! Tempora, sapiente sed earum quia numquam placeat sequi expedita!',30,15,'Test I',4,30),(89,'Lorem ipsum dolor sit amet consectetur adipisicing elit. Quae quia commodi alias impedit obcaecati quasi facilis eum fugit dicta, voluptatum in molestiae accusantium, minus nam qui quos minima pariatur laborum. Aut voluptatum, culpa quae rerum a sequi velit quisquam beatae praesentium! Tempora, sapiente sed earum quia numquam placeat sequi expedita!',30,15,'Test II',4,30),(90,'Lorem ipsum dolor sit amet consectetur adipisicing elit. Quae quia commodi alias impedit obcaecati quasi facilis eum fugit dicta, voluptatum in molestiae accusantium, minus nam qui quos minima pariatur laborum. Aut voluptatum, culpa quae rerum a sequi velit quisquam beatae praesentium! Tempora, sapiente sed earum quia numquam placeat sequi expedita!',30,0,'Final exam',6,30),(91,'Lorem ipsum dolor sit amet consectetur adipisicing elit. Quae quia commodi alias impedit obcaecati quasi facilis eum fugit dicta, voluptatum in molestiae accusantium, minus nam qui quos minima pariatur laborum. Aut voluptatum, culpa quae rerum a sequi velit quisquam beatae praesentium! Tempora, sapiente sed earum quia numquam placeat sequi expedita!',100,51,'Final exam',7,31),(92,'Lorem ipsum dolor sit amet consectetur adipisicing elit. Quae quia commodi alias impedit obcaecati quasi facilis eum fugit dicta, voluptatum in molestiae accusantium, minus nam qui quos minima pariatur laborum. Aut voluptatum, culpa quae rerum a sequi velit quisquam beatae praesentium! Tempora, sapiente sed earum quia numquam placeat sequi expedita!',100,51,'Final exam',5,32);
/*!40000 ALTER TABLE `exam` ENABLE KEYS */;
UNLOCK TABLES;

--
-- Dumping data for table `exam_period`
--

LOCK TABLES `exam_period` WRITE;
/*!40000 ALTER TABLE `exam_period` DISABLE KEYS */;
INSERT INTO `exam_period` (id, exam_end_date, exam_start_date, name, registration_end_date, registration_start_date, faculty_id) VALUES (1,'2022-07-03','2022-06-20','June 2021/2022','2022-06-17','2022-06-13',1),(2,'2022-08-07','2022-07-25','July 2021/2022','2022-07-22','2022-07-11',1),(3,'2022-01-30','2022-01-17','January 2021/2022','2022-01-14','2022-01-10',1),(4,'2022-02-13','2022-01-31','February 2021/2022','2022-01-28','2022-01-24',1);
/*!40000 ALTER TABLE `exam_period` ENABLE KEYS */;
UNLOCK TABLES;

--
-- Dumping data for table `exam_realization`
--

LOCK TABLES `exam_realization` WRITE;
/*!40000 ALTER TABLE `exam_realization` DISABLE KEYS */;
INSERT INTO `exam_realization` (id, score, exam_term_id, subject_enrollment_id) VALUES (1,30,185,1),(2,30,186,1),(3,30,187,1),(4,30,188,2),(5,30,189,2),(6,30,190,2),(7,26,283,3),(8,26,284,3),(9,26,285,3),(10,26,286,4),(11,26,287,4),(12,26,288,4),(13,30,13,5),(14,30,14,5),(15,30,15,5),(16,30,16,6),(17,30,17,6),(18,30,18,6),(19,NULL,111,7),(20,NULL,112,7),(21,NULL,113,7),(22,NULL,114,8),(23,NULL,115,8),(24,NULL,116,8),(25,23,185,9),(26,23,186,9),(27,23,187,9),(28,23,188,10),(29,23,189,10),(30,23,190,10),(31,20,283,11),(32,20,284,11),(33,20,285,11),(34,20,286,12),(35,20,287,12),(36,20,288,12),(37,23,13,13),(38,23,14,13),(39,23,15,13),(40,23,16,14),(41,23,17,14),(42,23,18,14),(43,NULL,111,15),(44,NULL,112,15),(45,NULL,113,15),(46,NULL,114,16),(47,NULL,115,16),(48,NULL,116,16),(49,17,185,17),(50,17,186,17),(51,17,187,17),(52,17,188,18),(53,17,189,18),(54,17,190,18),(55,0,283,19),(56,0,284,19),(57,0,285,19),(58,0,286,20),(59,0,287,20),(60,0,288,20),(61,17,13,21),(62,17,14,21),(63,17,15,21),(64,17,16,22),(65,17,17,22),(66,17,18,22),(67,NULL,111,23),(68,NULL,112,23),(69,NULL,113,23),(70,NULL,114,24),(71,NULL,115,24),(72,NULL,116,24),(73,30,185,25),(74,30,186,25),(75,30,187,25),(76,30,188,26),(77,30,189,26),(78,30,190,26),(79,26,283,27),(80,26,284,27),(81,26,285,27),(82,26,286,28),(83,26,287,28),(84,26,288,28),(85,30,13,29),(86,30,14,29),(87,30,15,29),(88,30,16,30),(89,30,17,30),(90,30,18,30),(91,NULL,111,31),(92,NULL,112,31),(93,NULL,113,31),(94,NULL,114,32),(95,NULL,115,32),(96,NULL,116,32),(97,23,185,33),(98,23,186,33),(99,23,187,33),(100,23,188,34),(101,23,189,34),(102,23,190,34),(103,20,283,35),(104,20,284,35),(105,20,285,35),(106,20,286,36),(107,20,287,36),(108,20,288,36),(109,23,13,37),(110,23,14,37),(111,23,15,37),(112,23,16,38),(113,23,17,38),(114,23,18,38),(115,NULL,111,39),(116,NULL,112,39),(117,NULL,113,39),(118,NULL,114,40),(119,NULL,115,40),(120,NULL,116,40),(121,17,185,41),(122,17,186,41),(123,17,187,41),(124,17,188,42),(125,17,189,42),(126,17,190,42),(127,0,283,43),(128,0,284,43),(129,0,285,43),(130,0,286,44),(131,0,287,44),(132,0,288,44),(133,17,13,45),(134,17,14,45),(135,17,15,45),(136,17,16,46),(137,17,17,46),(138,17,18,46),(139,NULL,111,47),(140,NULL,112,47),(141,NULL,113,47),(142,NULL,114,48),(143,NULL,115,48),(144,NULL,116,48),(145,30,185,49),(146,30,186,49),(147,30,187,49),(148,30,188,50),(149,30,189,50),(150,30,190,50),(151,26,283,51),(152,26,284,51),(153,26,285,51),(154,26,286,52),(155,26,287,52),(156,26,288,52),(157,30,13,53),(158,30,14,53),(159,30,15,53),(160,30,16,54),(161,30,17,54),(162,30,18,54),(163,NULL,111,55),(164,NULL,112,55),(165,NULL,113,55),(166,NULL,114,56),(167,NULL,115,56),(168,NULL,116,56),(169,23,185,57),(170,23,186,57),(171,23,187,57),(172,23,188,58),(173,23,189,58),(174,23,190,58),(175,20,283,59),(176,20,284,59),(177,20,285,59),(178,20,286,60),(179,20,287,60),(180,20,288,60),(181,23,13,61),(182,23,14,61),(183,23,15,61),(184,23,16,62),(185,23,17,62),(186,23,18,62),(187,NULL,111,63),(188,NULL,112,63),(189,NULL,113,63),(190,NULL,114,64),(191,NULL,115,64),(192,NULL,116,64),(193,17,185,65),(194,17,186,65),(195,17,187,65),(196,17,188,66),(197,17,189,66),(198,17,190,66),(199,0,283,67),(200,0,284,67),(201,0,285,67),(202,0,286,68),(203,0,287,68),(204,0,288,68),(205,17,13,69),(206,17,14,69),(207,17,15,69),(208,17,16,70),(209,17,17,70),(210,17,18,70),(211,NULL,111,71),(212,NULL,112,71),(213,NULL,113,71),(214,NULL,114,72),(215,NULL,115,72),(216,NULL,116,72),(217,30,185,73),(218,30,186,73),(219,30,187,73),(220,30,188,74),(221,30,189,74),(222,30,190,74),(223,26,283,75),(224,26,284,75),(225,26,285,75),(226,26,286,76),(227,26,287,76),(228,26,288,76),(229,30,13,77),(230,30,14,77),(231,30,15,77),(232,30,16,78),(233,30,17,78),(234,30,18,78),(235,NULL,111,79),(236,NULL,112,79),(237,NULL,113,79),(238,NULL,114,80),(239,NULL,115,80),(240,NULL,116,80),(241,23,185,81),(242,23,186,81),(243,23,187,81),(244,23,188,82),(245,23,189,82),(246,23,190,82),(247,20,283,83),(248,20,284,83),(249,20,285,83),(250,20,286,84),(251,20,287,84),(252,20,288,84),(253,23,13,85),(254,23,14,85),(255,23,15,85),(256,23,16,86),(257,23,17,86),(258,23,18,86),(259,NULL,111,87),(260,NULL,112,87),(261,NULL,113,87),(262,NULL,114,88),(263,NULL,115,88),(264,NULL,116,88),(265,17,185,89),(266,17,186,89),(267,17,187,89),(268,17,188,90),(269,17,189,90),(270,17,190,90),(271,0,283,91),(272,0,284,91),(273,0,285,91),(274,0,286,92),(275,0,287,92),(276,0,288,92),(277,17,13,93),(278,17,14,93),(279,17,15,93),(280,17,16,94),(281,17,17,94),(282,17,18,94),(283,NULL,111,95),(284,NULL,112,95),(285,NULL,113,95),(286,NULL,114,96),(287,NULL,115,96),(288,NULL,116,96),(289,30,185,97),(290,30,186,97),(291,30,187,97),(292,30,188,98),(293,30,189,98),(294,30,190,98),(295,26,283,99),(296,26,284,99),(297,26,285,99),(298,26,286,100),(299,26,287,100),(300,26,288,100),(301,30,13,101),(302,30,14,101),(303,30,15,101),(304,30,16,102),(305,30,17,102),(306,30,18,102),(307,NULL,111,103),(308,NULL,112,103),(309,NULL,113,103),(310,NULL,114,104),(311,NULL,115,104),(312,NULL,116,104),(313,23,185,105),(314,23,186,105),(315,23,187,105),(316,23,188,106),(317,23,189,106),(318,23,190,106),(319,20,283,107),(320,20,284,107),(321,20,285,107),(322,20,286,108),(323,20,287,108),(324,20,288,108),(325,23,13,109),(326,23,14,109),(327,23,15,109),(328,23,16,110),(329,23,17,110),(330,23,18,110),(331,NULL,111,111),(332,NULL,112,111),(333,NULL,113,111),(334,NULL,114,112),(335,NULL,115,112),(336,NULL,116,112),(337,17,185,113),(338,17,186,113),(339,17,187,113),(340,17,188,114),(341,17,189,114),(342,17,190,114),(343,0,283,115),(344,0,284,115),(345,0,285,115),(346,0,286,116),(347,0,287,116),(348,0,288,116),(349,17,13,117),(350,17,14,117),(351,17,15,117),(352,17,16,118),(353,17,17,118),(354,17,18,118),(355,NULL,111,119),(356,NULL,112,119),(357,NULL,113,119),(358,NULL,114,120),(359,NULL,115,120),(360,NULL,116,120),(361,30,185,121),(362,30,186,121),(363,30,187,121),(364,30,188,122),(365,30,189,122),(366,30,190,122),(367,26,283,123),(368,26,284,123),(369,26,285,123),(370,26,286,124),(371,26,287,124),(372,26,288,124),(373,30,13,125),(374,30,14,125),(375,30,15,125),(376,30,16,126),(377,30,17,126),(378,30,18,126),(379,NULL,111,127),(380,NULL,112,127),(381,NULL,113,127),(382,NULL,114,128),(383,NULL,115,128),(384,NULL,116,128),(385,23,185,129),(386,23,186,129),(387,23,187,129),(388,23,188,130),(389,23,189,130),(390,23,190,130),(391,20,283,131),(392,20,284,131),(393,20,285,131),(394,20,286,132),(395,20,287,132),(396,20,288,132),(397,23,13,133),(398,23,14,133),(399,23,15,133),(400,23,16,134),(401,23,17,134),(402,23,18,134),(403,NULL,111,135),(404,NULL,112,135),(405,NULL,113,135),(406,NULL,114,136),(407,NULL,115,136),(408,NULL,116,136),(409,17,185,137),(410,17,186,137),(411,17,187,137),(412,17,188,138),(413,17,189,138),(414,17,190,138),(415,0,283,139),(416,0,284,139),(417,0,285,139),(418,0,286,140),(419,0,287,140),(420,0,288,140),(421,17,13,141),(422,17,14,141),(423,17,15,141),(424,17,16,142),(425,17,17,142),(426,17,18,142),(427,NULL,111,143),(428,NULL,112,143),(429,NULL,113,143),(430,NULL,114,144),(431,NULL,115,144),(432,NULL,116,144),(433,30,185,145),(434,30,186,145),(435,30,187,145),(436,30,188,146),(437,30,189,146),(438,30,190,146),(439,26,283,147),(440,26,284,147),(441,26,285,147),(442,26,286,148),(443,26,287,148),(444,26,288,148),(445,30,13,149),(446,30,14,149),(447,30,15,149),(448,30,16,150),(449,30,17,150),(450,30,18,150),(451,NULL,111,151),(452,NULL,112,151),(453,NULL,113,151),(454,NULL,114,152),(455,NULL,115,152),(456,NULL,116,152),(457,23,185,153),(458,23,186,153),(459,23,187,153),(460,23,188,154),(461,23,189,154),(462,23,190,154),(463,20,283,155),(464,20,284,155),(465,20,285,155),(466,20,286,156),(467,20,287,156),(468,20,288,156),(469,23,13,157),(470,23,14,157),(471,23,15,157),(472,23,16,158),(473,23,17,158),(474,23,18,158),(475,NULL,111,159),(476,NULL,112,159),(477,NULL,113,159),(478,NULL,114,160),(479,NULL,115,160),(480,NULL,116,160),(481,17,185,161),(482,17,186,161),(483,17,187,161),(484,17,188,162),(485,17,189,162),(486,17,190,162),(487,0,283,163),(488,0,284,163),(489,0,285,163),(490,0,286,164),(491,0,287,164),(492,0,288,164),(493,17,13,165),(494,17,14,165),(495,17,15,165),(496,17,16,166),(497,17,17,166),(498,17,18,166),(499,NULL,111,167),(500,NULL,112,167),(501,NULL,113,167),(502,NULL,114,168),(503,NULL,115,168),(504,NULL,116,168),(505,30,185,169),(506,30,186,169),(507,30,187,169),(508,30,188,170),(509,30,189,170),(510,30,190,170),(511,26,283,171),(512,26,284,171),(513,26,285,171),(514,26,286,172),(515,26,287,172),(516,26,288,172),(517,30,13,173),(518,30,14,173),(519,30,15,173),(520,30,16,174),(521,30,17,174),(522,30,18,174),(523,NULL,111,175),(524,NULL,112,175),(525,NULL,113,175),(526,NULL,114,176),(527,NULL,115,176),(528,NULL,116,176),(529,23,185,177),(530,23,186,177),(531,23,187,177),(532,23,188,178),(533,23,189,178),(534,23,190,178),(535,20,283,179),(536,20,284,179),(537,20,285,179),(538,20,286,180),(539,20,287,180),(540,20,288,180),(541,23,13,181),(542,23,14,181),(543,23,15,181),(544,23,16,182),(545,23,17,182),(546,23,18,182),(547,NULL,111,183),(548,NULL,112,183),(549,NULL,113,183),(550,NULL,114,184),(551,NULL,115,184),(552,NULL,116,184),(553,17,185,185),(554,17,186,185),(555,17,187,185),(556,17,188,186),(557,17,189,186),(558,17,190,186),(559,0,283,187),(560,0,284,187),(561,0,285,187),(562,0,286,188),(563,0,287,188),(564,0,288,188),(565,17,13,189),(566,17,14,189),(567,17,15,189),(568,17,16,190),(569,17,17,190),(570,17,18,190),(571,NULL,111,191),(572,NULL,112,191),(573,NULL,113,191),(574,NULL,114,192),(575,NULL,115,192),(576,NULL,116,192),(577,30,185,193),(578,30,186,193),(579,30,187,193),(580,30,188,194),(581,30,189,194),(582,30,190,194),(583,26,283,195),(584,26,284,195),(585,26,285,195),(586,26,286,196),(587,26,287,196),(588,26,288,196),(589,30,13,197),(590,30,14,197),(591,30,15,197),(592,30,16,198),(593,30,17,198),(594,30,18,198),(595,NULL,111,199),(596,NULL,112,199),(597,NULL,113,199),(598,NULL,114,200),(599,NULL,115,200),(600,NULL,116,200),(601,23,185,201),(602,23,186,201),(603,23,187,201),(604,23,188,202),(605,23,189,202),(606,23,190,202),(607,20,283,203),(608,20,284,203),(609,20,285,203),(610,20,286,204),(611,20,287,204),(612,20,288,204),(613,23,13,205),(614,23,14,205),(615,23,15,205),(616,23,16,206),(617,23,17,206),(618,23,18,206),(619,NULL,111,207),(620,NULL,112,207),(621,NULL,113,207),(622,NULL,114,208),(623,NULL,115,208),(624,NULL,116,208),(625,17,185,209),(626,17,186,209),(627,17,187,209),(628,17,188,210),(629,17,189,210),(630,17,190,210),(631,0,283,211),(632,0,284,211),(633,0,285,211),(634,0,286,212),(635,0,287,212),(636,0,288,212),(637,17,13,213),(638,17,14,213),(639,17,15,213),(640,17,16,214),(641,17,17,214),(642,17,18,214),(643,NULL,111,215),(644,NULL,112,215),(645,NULL,113,215),(646,NULL,114,216),(647,NULL,115,216),(648,NULL,116,216),(649,30,185,217),(650,30,186,217),(651,30,187,217),(652,30,188,218),(653,30,189,218),(654,30,190,218),(655,26,283,219),(656,26,284,219),(657,26,285,219),(658,26,286,220),(659,26,287,220),(660,26,288,220),(661,30,13,221),(662,30,14,221),(663,30,15,221),(664,30,16,222),(665,30,17,222),(666,30,18,222),(667,NULL,111,223),(668,NULL,112,223),(669,NULL,113,223),(670,NULL,114,224),(671,NULL,115,224),(672,NULL,116,224),(673,23,185,225),(674,23,186,225),(675,23,187,225),(676,23,188,226),(677,23,189,226),(678,23,190,226),(679,20,283,227),(680,20,284,227),(681,20,285,227),(682,20,286,228),(683,20,287,228),(684,20,288,228),(685,23,13,229),(686,23,14,229),(687,23,15,229),(688,23,16,230),(689,23,17,230),(690,23,18,230),(691,NULL,111,231),(692,NULL,112,231),(693,NULL,113,231),(694,NULL,114,232),(695,NULL,115,232),(696,NULL,116,232),(697,17,185,233),(698,17,186,233),(699,17,187,233),(700,17,188,234),(701,17,189,234),(702,17,190,234),(703,0,283,235),(704,0,284,235),(705,0,285,235),(706,0,286,236),(707,0,287,236),(708,0,288,236),(709,17,13,237),(710,17,14,237),(711,17,15,237),(712,17,16,238),(713,17,17,238),(714,17,18,238),(715,NULL,111,239),(716,NULL,112,239),(717,NULL,113,239),(718,NULL,114,240),(719,NULL,115,240),(720,NULL,116,240),(721,30,185,241),(722,30,186,241),(723,30,187,241),(724,30,188,242),(725,30,189,242),(726,30,190,242),(727,26,283,243),(728,26,284,243),(729,26,285,243),(730,26,286,244),(731,26,287,244),(732,26,288,244),(733,30,13,245),(734,30,14,245),(735,30,15,245),(736,30,16,246),(737,30,17,246),(738,30,18,246),(739,NULL,111,247),(740,NULL,112,247),(741,NULL,113,247),(742,NULL,114,248),(743,NULL,115,248),(744,NULL,116,248),(745,23,185,249),(746,23,186,249),(747,23,187,249),(748,23,188,250),(749,23,189,250),(750,23,190,250),(751,20,283,251),(752,20,284,251),(753,20,285,251),(754,20,286,252),(755,20,287,252),(756,20,288,252),(757,23,13,253),(758,23,14,253),(759,23,15,253),(760,23,16,254),(761,23,17,254),(762,23,18,254),(763,NULL,111,255),(764,NULL,112,255),(765,NULL,113,255),(766,NULL,114,256),(767,NULL,115,256),(768,NULL,116,256),(769,17,185,257),(770,17,186,257),(771,17,187,257),(772,17,188,258),(773,17,189,258),(774,17,190,258),(775,0,283,259),(776,0,284,259),(777,0,285,259),(778,0,286,260),(779,0,287,260),(780,0,288,260),(781,17,13,261),(782,17,14,261),(783,17,15,261),(784,17,16,262),(785,17,17,262),(786,17,18,262),(787,NULL,111,263),(788,NULL,112,263),(789,NULL,113,263),(790,NULL,114,264),(791,NULL,115,264),(792,NULL,116,264),(793,30,185,265),(794,30,186,265),(795,30,187,265),(796,30,188,266),(797,30,189,266),(798,30,190,266),(799,26,283,267),(800,26,284,267),(801,26,285,267),(802,26,286,268),(803,26,287,268),(804,26,288,268),(805,30,13,269),(806,30,14,269),(807,30,15,269),(808,30,16,270),(809,30,17,270),(810,30,18,270),(811,NULL,111,271),(812,NULL,112,271),(813,NULL,113,271),(814,NULL,114,272),(815,NULL,115,272),(816,NULL,116,272),(817,23,185,273),(818,23,186,273),(819,23,187,273),(820,23,188,274),(821,23,189,274),(822,23,190,274),(823,20,283,275),(824,20,284,275),(825,20,285,275),(826,20,286,276),(827,20,287,276),(828,20,288,276),(829,23,13,277),(830,23,14,277),(831,23,15,277),(832,23,16,278),(833,23,17,278),(834,23,18,278),(835,NULL,111,279),(836,NULL,112,279),(837,NULL,113,279),(838,NULL,114,280),(839,NULL,115,280),(840,NULL,116,280),(841,17,185,281),(842,17,186,281),(843,17,187,281),(844,17,188,282),(845,17,189,282),(846,17,190,282),(847,0,283,283),(848,0,284,283),(849,0,285,283),(850,0,286,284),(851,0,287,284),(852,0,288,284),(853,17,13,285),(854,17,14,285),(855,17,15,285),(856,17,16,286),(857,17,17,286),(858,17,18,286),(859,NULL,111,287),(860,NULL,112,287),(861,NULL,113,287),(862,NULL,114,288),(863,NULL,115,288),(864,NULL,116,288),(865,30,185,289),(866,30,186,289),(867,30,187,289),(868,30,188,290),(869,30,189,290),(870,30,190,290),(871,26,283,291),(872,26,284,291),(873,26,285,291),(874,26,286,292),(875,26,287,292),(876,26,288,292),(877,30,13,293),(878,30,14,293),(879,30,15,293),(880,30,16,294),(881,30,17,294),(882,30,18,294),(883,NULL,111,295),(884,NULL,112,295),(885,NULL,113,295),(886,NULL,114,296),(887,NULL,115,296),(888,NULL,116,296),(889,23,185,297),(890,23,186,297),(891,23,187,297),(892,23,188,298),(893,23,189,298),(894,23,190,298),(895,20,283,299),(896,20,284,299),(897,20,285,299),(898,20,286,300),(899,20,287,300),(900,20,288,300),(901,23,13,301),(902,23,14,301),(903,23,15,301),(904,23,16,302),(905,23,17,302),(906,23,18,302),(907,NULL,111,303),(908,NULL,112,303),(909,NULL,113,303),(910,NULL,114,304),(911,NULL,115,304),(912,NULL,116,304),(913,17,185,305),(914,17,186,305),(915,17,187,305),(916,17,188,306),(917,17,189,306),(918,17,190,306),(919,0,283,307),(920,0,284,307),(921,0,285,307),(922,0,286,308),(923,0,287,308),(924,0,288,308),(925,17,13,309),(926,17,14,309),(927,17,15,309),(928,17,16,310),(929,17,17,310),(930,17,18,310),(931,NULL,111,311),(932,NULL,112,311),(933,NULL,113,311),(934,NULL,114,312),(935,NULL,115,312),(936,NULL,116,312),(937,30,185,313),(938,30,186,313),(939,30,187,313),(940,30,188,314),(941,30,189,314),(942,30,190,314),(943,26,283,315),(944,26,284,315),(945,26,285,315),(946,26,286,316),(947,26,287,316),(948,26,288,316),(949,30,13,317),(950,30,14,317),(951,30,15,317),(952,30,16,318),(953,30,17,318),(954,30,18,318),(955,NULL,111,319),(956,NULL,112,319),(957,NULL,113,319),(958,NULL,114,320),(959,NULL,115,320),(960,NULL,116,320);
/*!40000 ALTER TABLE `exam_realization` ENABLE KEYS */;
UNLOCK TABLES;

--
-- Dumping data for table `exam_term`
--

LOCK TABLES `exam_term` WRITE;
/*!40000 ALTER TABLE `exam_term` DISABLE KEYS */;
INSERT INTO exam_term (id, end_time, start_time, exam_id, exam_period_id) VALUES (1,'2022-06-20 09:00:00','2022-06-20 08:00:00',1,1),(2,'2022-06-20 10:00:00','2022-06-20 09:00:00',2,1),(3,'2022-06-20 11:00:00','2022-06-20 10:00:00',3,1),(4,'2022-06-20 13:00:00','2022-06-20 12:00:00',4,1),(5,'2022-06-20 14:00:00','2022-06-20 13:00:00',5,1),(6,'2022-06-20 15:00:00','2022-06-20 14:00:00',6,1),(7,'2022-06-20 17:00:00','2022-06-20 16:00:00',7,1),(8,'2022-06-20 18:00:00','2022-06-20 17:00:00',8,1),(9,'2022-06-20 19:00:00','2022-06-20 18:00:00',9,1),(10,'2022-06-21 09:00:00','2022-06-21 08:00:00',10,1),(11,'2022-06-21 10:00:00','2022-06-21 09:00:00',11,1),(12,'2022-06-21 11:00:00','2022-06-21 10:00:00',12,1),(13,'2022-06-21 13:00:00','2022-06-21 12:00:00',13,1),(14,'2022-06-21 14:00:00','2022-06-21 13:00:00',14,1),(15,'2022-06-21 15:00:00','2022-06-21 14:00:00',15,1),(16,'2022-06-21 17:00:00','2022-06-21 16:00:00',16,1),(17,'2022-06-21 18:00:00','2022-06-21 17:00:00',17,1),(18,'2022-06-21 19:00:00','2022-06-21 18:00:00',18,1),(19,'2022-06-22 09:00:00','2022-06-22 08:00:00',19,1),(20,'2022-06-22 10:00:00','2022-06-22 09:00:00',20,1),(21,'2022-06-22 11:00:00','2022-06-22 10:00:00',21,1),(22,'2022-06-22 13:00:00','2022-06-22 12:00:00',22,1),(23,'2022-06-22 14:00:00','2022-06-22 13:00:00',23,1),(24,'2022-06-22 15:00:00','2022-06-22 14:00:00',24,1),(25,'2022-06-22 17:00:00','2022-06-22 16:00:00',25,1),(26,'2022-06-22 18:00:00','2022-06-22 17:00:00',26,1),(27,'2022-06-22 19:00:00','2022-06-22 18:00:00',27,1),(28,'2022-06-23 09:00:00','2022-06-23 08:00:00',28,1),(29,'2022-06-23 10:00:00','2022-06-23 09:00:00',29,1),(30,'2022-06-23 11:00:00','2022-06-23 10:00:00',30,1),(31,'2022-06-23 13:00:00','2022-06-23 12:00:00',31,1),(32,'2022-06-23 14:00:00','2022-06-23 13:00:00',32,1),(33,'2022-06-23 15:00:00','2022-06-23 14:00:00',33,1),(34,'2022-06-23 17:00:00','2022-06-23 16:00:00',34,1),(35,'2022-06-23 18:00:00','2022-06-23 17:00:00',35,1),(36,'2022-06-23 19:00:00','2022-06-23 18:00:00',36,1),(37,'2022-06-24 09:00:00','2022-06-24 08:00:00',37,1),(38,'2022-06-24 10:00:00','2022-06-24 09:00:00',38,1),(39,'2022-06-24 11:00:00','2022-06-24 10:00:00',39,1),(40,'2022-06-24 13:00:00','2022-06-24 12:00:00',40,1),(41,'2022-06-24 14:00:00','2022-06-24 13:00:00',41,1),(42,'2022-06-24 15:00:00','2022-06-24 14:00:00',42,1),(43,'2022-06-24 17:00:00','2022-06-24 16:00:00',43,1),(44,'2022-06-24 18:00:00','2022-06-24 17:00:00',44,1),(45,'2022-06-24 19:00:00','2022-06-24 18:00:00',45,1),(46,'2022-06-25 09:00:00','2022-06-25 08:00:00',46,1),(47,'2022-06-25 10:00:00','2022-06-25 09:00:00',47,1),(48,'2022-06-25 11:00:00','2022-06-25 10:00:00',48,1),(49,'2022-06-25 13:00:00','2022-06-25 12:00:00',49,1),(50,'2022-06-25 14:00:00','2022-06-25 13:00:00',50,1),(51,'2022-06-25 15:00:00','2022-06-25 14:00:00',51,1),(52,'2022-06-25 17:00:00','2022-06-25 16:00:00',52,1),(53,'2022-06-25 18:00:00','2022-06-25 17:00:00',53,1),(54,'2022-06-25 19:00:00','2022-06-25 18:00:00',54,1),(55,'2022-06-26 09:00:00','2022-06-26 08:00:00',55,1),(56,'2022-06-26 10:00:00','2022-06-26 09:00:00',56,1),(57,'2022-06-26 11:00:00','2022-06-26 10:00:00',57,1),(58,'2022-06-26 13:00:00','2022-06-26 12:00:00',58,1),(59,'2022-06-26 14:00:00','2022-06-26 13:00:00',59,1),(60,'2022-06-26 15:00:00','2022-06-26 14:00:00',60,1),(61,'2022-06-26 17:00:00','2022-06-26 16:00:00',61,1),(62,'2022-06-26 18:00:00','2022-06-26 17:00:00',62,1),(63,'2022-06-26 19:00:00','2022-06-26 18:00:00',63,1),(64,'2022-06-27 09:00:00','2022-06-27 08:00:00',64,1),(65,'2022-06-27 10:00:00','2022-06-27 09:00:00',65,1),(66,'2022-06-27 11:00:00','2022-06-27 10:00:00',66,1),(67,'2022-06-27 13:00:00','2022-06-27 12:00:00',67,1),(68,'2022-06-27 14:00:00','2022-06-27 13:00:00',68,1),(69,'2022-06-27 15:00:00','2022-06-27 14:00:00',69,1),(70,'2022-06-27 17:00:00','2022-06-27 16:00:00',70,1),(71,'2022-06-27 18:00:00','2022-06-27 17:00:00',71,1),(72,'2022-06-27 19:00:00','2022-06-27 18:00:00',72,1),(73,'2022-06-28 09:00:00','2022-06-28 08:00:00',73,1),(74,'2022-06-28 10:00:00','2022-06-28 09:00:00',74,1),(75,'2022-06-28 11:00:00','2022-06-28 10:00:00',75,1),(76,'2022-06-28 13:00:00','2022-06-28 12:00:00',76,1),(77,'2022-06-28 14:00:00','2022-06-28 13:00:00',77,1),(78,'2022-06-28 15:00:00','2022-06-28 14:00:00',78,1),(79,'2022-06-28 17:00:00','2022-06-28 16:00:00',79,1),(80,'2022-06-28 18:00:00','2022-06-28 17:00:00',80,1),(81,'2022-06-28 19:00:00','2022-06-28 18:00:00',81,1),(82,'2022-06-29 09:00:00','2022-06-29 08:00:00',82,1),(83,'2022-06-29 10:00:00','2022-06-29 09:00:00',83,1),(84,'2022-06-29 11:00:00','2022-06-29 10:00:00',84,1),(85,'2022-06-29 13:00:00','2022-06-29 12:00:00',85,1),(86,'2022-06-29 14:00:00','2022-06-29 13:00:00',86,1),(87,'2022-06-29 15:00:00','2022-06-29 14:00:00',87,1),(88,'2022-06-29 17:00:00','2022-06-29 16:00:00',88,1),(89,'2022-06-29 18:00:00','2022-06-29 17:00:00',89,1),(90,'2022-06-29 19:00:00','2022-06-29 18:00:00',90,1),(91,'2022-06-30 09:00:00','2022-06-30 08:00:00',91,1),(92,'2022-06-30 10:00:00','2022-06-30 09:00:00',92,1),(93,'2022-07-25 09:00:00','2022-07-25 08:00:00',1,2),(94,'2022-07-25 10:00:00','2022-07-25 09:00:00',2,2),(95,'2022-07-25 11:00:00','2022-07-25 10:00:00',3,2),(96,'2022-07-25 13:00:00','2022-07-25 12:00:00',4,2),(97,'2022-07-25 14:00:00','2022-07-25 13:00:00',5,2),(98,'2022-07-25 15:00:00','2022-07-25 14:00:00',6,2),(99,'2022-07-25 17:00:00','2022-07-25 16:00:00',7,2),(100,'2022-07-25 18:00:00','2022-07-25 17:00:00',8,2),(101,'2022-07-25 19:00:00','2022-07-25 18:00:00',9,2),(102,'2022-07-26 09:00:00','2022-07-26 08:00:00',10,2),(103,'2022-07-26 10:00:00','2022-07-26 09:00:00',11,2),(104,'2022-07-26 11:00:00','2022-07-26 10:00:00',12,2),(105,'2022-07-26 13:00:00','2022-07-26 12:00:00',13,2),(106,'2022-07-26 14:00:00','2022-07-26 13:00:00',14,2),(107,'2022-07-26 15:00:00','2022-07-26 14:00:00',15,2),(108,'2022-07-26 17:00:00','2022-07-26 16:00:00',16,2),(109,'2022-07-26 18:00:00','2022-07-26 17:00:00',17,2),(110,'2022-07-26 19:00:00','2022-07-26 18:00:00',18,2),(111,'2022-07-27 09:00:00','2022-07-27 08:00:00',19,2),(112,'2022-07-27 10:00:00','2022-07-27 09:00:00',20,2),(113,'2022-07-27 11:00:00','2022-07-27 10:00:00',21,2),(114,'2022-07-27 13:00:00','2022-07-27 12:00:00',22,2),(115,'2022-07-27 14:00:00','2022-07-27 13:00:00',23,2),(116,'2022-07-27 15:00:00','2022-07-27 14:00:00',24,2),(117,'2022-07-27 17:00:00','2022-07-27 16:00:00',25,2),(118,'2022-07-27 18:00:00','2022-07-27 17:00:00',26,2),(119,'2022-07-27 19:00:00','2022-07-27 18:00:00',27,2),(120,'2022-07-28 09:00:00','2022-07-28 08:00:00',28,2),(121,'2022-07-28 10:00:00','2022-07-28 09:00:00',29,2),(122,'2022-07-28 11:00:00','2022-07-28 10:00:00',30,2),(123,'2022-07-28 13:00:00','2022-07-28 12:00:00',31,2),(124,'2022-07-28 14:00:00','2022-07-28 13:00:00',32,2),(125,'2022-07-28 15:00:00','2022-07-28 14:00:00',33,2),(126,'2022-07-28 17:00:00','2022-07-28 16:00:00',34,2),(127,'2022-07-28 18:00:00','2022-07-28 17:00:00',35,2),(128,'2022-07-28 19:00:00','2022-07-28 18:00:00',36,2),(129,'2022-07-29 09:00:00','2022-07-29 08:00:00',37,2),(130,'2022-07-29 10:00:00','2022-07-29 09:00:00',38,2),(131,'2022-07-29 11:00:00','2022-07-29 10:00:00',39,2),(132,'2022-07-29 13:00:00','2022-07-29 12:00:00',40,2),(133,'2022-07-29 14:00:00','2022-07-29 13:00:00',41,2),(134,'2022-07-29 15:00:00','2022-07-29 14:00:00',42,2),(135,'2022-07-29 17:00:00','2022-07-29 16:00:00',43,2),(136,'2022-07-29 18:00:00','2022-07-29 17:00:00',44,2),(137,'2022-07-29 19:00:00','2022-07-29 18:00:00',45,2),(138,'2022-07-30 09:00:00','2022-07-30 08:00:00',46,2),(139,'2022-07-30 10:00:00','2022-07-30 09:00:00',47,2),(140,'2022-07-30 11:00:00','2022-07-30 10:00:00',48,2),(141,'2022-07-30 13:00:00','2022-07-30 12:00:00',49,2),(142,'2022-07-30 14:00:00','2022-07-30 13:00:00',50,2),(143,'2022-07-30 15:00:00','2022-07-30 14:00:00',51,2),(144,'2022-07-30 17:00:00','2022-07-30 16:00:00',52,2),(145,'2022-07-30 18:00:00','2022-07-30 17:00:00',53,2),(146,'2022-07-30 19:00:00','2022-07-30 18:00:00',54,2),(147,'2022-07-31 09:00:00','2022-07-31 08:00:00',55,2),(148,'2022-07-31 10:00:00','2022-07-31 09:00:00',56,2),(149,'2022-07-31 11:00:00','2022-07-31 10:00:00',57,2),(150,'2022-07-31 13:00:00','2022-07-31 12:00:00',58,2),(151,'2022-07-31 14:00:00','2022-07-31 13:00:00',59,2),(152,'2022-07-31 15:00:00','2022-07-31 14:00:00',60,2),(153,'2022-07-31 17:00:00','2022-07-31 16:00:00',61,2),(154,'2022-07-31 18:00:00','2022-07-31 17:00:00',62,2),(155,'2022-07-31 19:00:00','2022-07-31 18:00:00',63,2),(156,'2022-08-01 09:00:00','2022-08-01 08:00:00',64,2),(157,'2022-08-01 10:00:00','2022-08-01 09:00:00',65,2),(158,'2022-08-01 11:00:00','2022-08-01 10:00:00',66,2),(159,'2022-08-01 13:00:00','2022-08-01 12:00:00',67,2),(160,'2022-08-01 14:00:00','2022-08-01 13:00:00',68,2),(161,'2022-08-01 15:00:00','2022-08-01 14:00:00',69,2),(162,'2022-08-01 17:00:00','2022-08-01 16:00:00',70,2),(163,'2022-08-01 18:00:00','2022-08-01 17:00:00',71,2),(164,'2022-08-01 19:00:00','2022-08-01 18:00:00',72,2),(165,'2022-08-02 09:00:00','2022-08-02 08:00:00',73,2),(166,'2022-08-02 10:00:00','2022-08-02 09:00:00',74,2),(167,'2022-08-02 11:00:00','2022-08-02 10:00:00',75,2),(168,'2022-08-02 13:00:00','2022-08-02 12:00:00',76,2),(169,'2022-08-02 14:00:00','2022-08-02 13:00:00',77,2),(170,'2022-08-02 15:00:00','2022-08-02 14:00:00',78,2),(171,'2022-08-02 17:00:00','2022-08-02 16:00:00',79,2),(172,'2022-08-02 18:00:00','2022-08-02 17:00:00',80,2),(173,'2022-08-02 19:00:00','2022-08-02 18:00:00',81,2),(174,'2022-08-03 09:00:00','2022-08-03 08:00:00',82,2),(175,'2022-08-03 10:00:00','2022-08-03 09:00:00',83,2),(176,'2022-08-03 11:00:00','2022-08-03 10:00:00',84,2),(177,'2022-08-03 13:00:00','2022-08-03 12:00:00',85,2),(178,'2022-08-03 14:00:00','2022-08-03 13:00:00',86,2),(179,'2022-08-03 15:00:00','2022-08-03 14:00:00',87,2),(180,'2022-08-03 17:00:00','2022-08-03 16:00:00',88,2),(181,'2022-08-03 18:00:00','2022-08-03 17:00:00',89,2),(182,'2022-08-03 19:00:00','2022-08-03 18:00:00',90,2),(183,'2022-08-04 09:00:00','2022-08-04 08:00:00',91,2),(184,'2022-08-04 10:00:00','2022-08-04 09:00:00',92,2),(185,'2022-01-17 09:00:00','2022-01-17 08:00:00',1,3),(186,'2022-01-17 10:00:00','2022-01-17 09:00:00',2,3),(187,'2022-01-17 11:00:00','2022-01-17 10:00:00',3,3),(188,'2022-01-17 13:00:00','2022-01-17 12:00:00',4,3),(189,'2022-01-17 14:00:00','2022-01-17 13:00:00',5,3),(190,'2022-01-17 15:00:00','2022-01-17 14:00:00',6,3),(191,'2022-01-17 17:00:00','2022-01-17 16:00:00',7,3),(192,'2022-01-17 18:00:00','2022-01-17 17:00:00',8,3),(193,'2022-01-17 19:00:00','2022-01-17 18:00:00',9,3),(194,'2022-01-18 09:00:00','2022-01-18 08:00:00',10,3),(195,'2022-01-18 10:00:00','2022-01-18 09:00:00',11,3),(196,'2022-01-18 11:00:00','2022-01-18 10:00:00',12,3),(197,'2022-01-18 13:00:00','2022-01-18 12:00:00',13,3),(198,'2022-01-18 14:00:00','2022-01-18 13:00:00',14,3),(199,'2022-01-18 15:00:00','2022-01-18 14:00:00',15,3),(200,'2022-01-18 17:00:00','2022-01-18 16:00:00',16,3),(201,'2022-01-18 18:00:00','2022-01-18 17:00:00',17,3),(202,'2022-01-18 19:00:00','2022-01-18 18:00:00',18,3),(203,'2022-01-19 09:00:00','2022-01-19 08:00:00',19,3),(204,'2022-01-19 10:00:00','2022-01-19 09:00:00',20,3),(205,'2022-01-19 11:00:00','2022-01-19 10:00:00',21,3),(206,'2022-01-19 13:00:00','2022-01-19 12:00:00',22,3),(207,'2022-01-19 14:00:00','2022-01-19 13:00:00',23,3),(208,'2022-01-19 15:00:00','2022-01-19 14:00:00',24,3),(209,'2022-01-19 17:00:00','2022-01-19 16:00:00',25,3),(210,'2022-01-19 18:00:00','2022-01-19 17:00:00',26,3),(211,'2022-01-19 19:00:00','2022-01-19 18:00:00',27,3),(212,'2022-01-20 09:00:00','2022-01-20 08:00:00',28,3),(213,'2022-01-20 10:00:00','2022-01-20 09:00:00',29,3),(214,'2022-01-20 11:00:00','2022-01-20 10:00:00',30,3),(215,'2022-01-20 13:00:00','2022-01-20 12:00:00',31,3),(216,'2022-01-20 14:00:00','2022-01-20 13:00:00',32,3),(217,'2022-01-20 15:00:00','2022-01-20 14:00:00',33,3),(218,'2022-01-20 17:00:00','2022-01-20 16:00:00',34,3),(219,'2022-01-20 18:00:00','2022-01-20 17:00:00',35,3),(220,'2022-01-20 19:00:00','2022-01-20 18:00:00',36,3),(221,'2022-01-21 09:00:00','2022-01-21 08:00:00',37,3),(222,'2022-01-21 10:00:00','2022-01-21 09:00:00',38,3),(223,'2022-01-21 11:00:00','2022-01-21 10:00:00',39,3),(224,'2022-01-21 13:00:00','2022-01-21 12:00:00',40,3),(225,'2022-01-21 14:00:00','2022-01-21 13:00:00',41,3),(226,'2022-01-21 15:00:00','2022-01-21 14:00:00',42,3),(227,'2022-01-21 17:00:00','2022-01-21 16:00:00',43,3),(228,'2022-01-21 18:00:00','2022-01-21 17:00:00',44,3),(229,'2022-01-21 19:00:00','2022-01-21 18:00:00',45,3),(230,'2022-01-22 09:00:00','2022-01-22 08:00:00',46,3),(231,'2022-01-22 10:00:00','2022-01-22 09:00:00',47,3),(232,'2022-01-22 11:00:00','2022-01-22 10:00:00',48,3),(233,'2022-01-22 13:00:00','2022-01-22 12:00:00',49,3),(234,'2022-01-22 14:00:00','2022-01-22 13:00:00',50,3),(235,'2022-01-22 15:00:00','2022-01-22 14:00:00',51,3),(236,'2022-01-22 17:00:00','2022-01-22 16:00:00',52,3),(237,'2022-01-22 18:00:00','2022-01-22 17:00:00',53,3),(238,'2022-01-22 19:00:00','2022-01-22 18:00:00',54,3),(239,'2022-01-23 09:00:00','2022-01-23 08:00:00',55,3),(240,'2022-01-23 10:00:00','2022-01-23 09:00:00',56,3),(241,'2022-01-23 11:00:00','2022-01-23 10:00:00',57,3),(242,'2022-01-23 13:00:00','2022-01-23 12:00:00',58,3),(243,'2022-01-23 14:00:00','2022-01-23 13:00:00',59,3),(244,'2022-01-23 15:00:00','2022-01-23 14:00:00',60,3),(245,'2022-01-23 17:00:00','2022-01-23 16:00:00',61,3),(246,'2022-01-23 18:00:00','2022-01-23 17:00:00',62,3),(247,'2022-01-23 19:00:00','2022-01-23 18:00:00',63,3),(248,'2022-01-24 09:00:00','2022-01-24 08:00:00',64,3),(249,'2022-01-24 10:00:00','2022-01-24 09:00:00',65,3),(250,'2022-01-24 11:00:00','2022-01-24 10:00:00',66,3),(251,'2022-01-24 13:00:00','2022-01-24 12:00:00',67,3),(252,'2022-01-24 14:00:00','2022-01-24 13:00:00',68,3),(253,'2022-01-24 15:00:00','2022-01-24 14:00:00',69,3),(254,'2022-01-24 17:00:00','2022-01-24 16:00:00',70,3),(255,'2022-01-24 18:00:00','2022-01-24 17:00:00',71,3),(256,'2022-01-24 19:00:00','2022-01-24 18:00:00',72,3),(257,'2022-01-25 09:00:00','2022-01-25 08:00:00',73,3),(258,'2022-01-25 10:00:00','2022-01-25 09:00:00',74,3),(259,'2022-01-25 11:00:00','2022-01-25 10:00:00',75,3),(260,'2022-01-25 13:00:00','2022-01-25 12:00:00',76,3),(261,'2022-01-25 14:00:00','2022-01-25 13:00:00',77,3),(262,'2022-01-25 15:00:00','2022-01-25 14:00:00',78,3),(263,'2022-01-25 17:00:00','2022-01-25 16:00:00',79,3),(264,'2022-01-25 18:00:00','2022-01-25 17:00:00',80,3),(265,'2022-01-25 19:00:00','2022-01-25 18:00:00',81,3),(266,'2022-01-26 09:00:00','2022-01-26 08:00:00',82,3),(267,'2022-01-26 10:00:00','2022-01-26 09:00:00',83,3),(268,'2022-01-26 11:00:00','2022-01-26 10:00:00',84,3),(269,'2022-01-26 13:00:00','2022-01-26 12:00:00',85,3),(270,'2022-01-26 14:00:00','2022-01-26 13:00:00',86,3),(271,'2022-01-26 15:00:00','2022-01-26 14:00:00',87,3),(272,'2022-01-26 17:00:00','2022-01-26 16:00:00',88,3),(273,'2022-01-26 18:00:00','2022-01-26 17:00:00',89,3),(274,'2022-01-26 19:00:00','2022-01-26 18:00:00',90,3),(275,'2022-01-27 09:00:00','2022-01-27 08:00:00',91,3),(276,'2022-01-27 10:00:00','2022-01-27 09:00:00',92,3),(277,'2022-01-31 09:00:00','2022-01-31 08:00:00',1,4),(278,'2022-01-31 10:00:00','2022-01-31 09:00:00',2,4),(279,'2022-01-31 11:00:00','2022-01-31 10:00:00',3,4),(280,'2022-01-31 13:00:00','2022-01-31 12:00:00',4,4),(281,'2022-01-31 14:00:00','2022-01-31 13:00:00',5,4),(282,'2022-01-31 15:00:00','2022-01-31 14:00:00',6,4),(283,'2022-01-31 17:00:00','2022-01-31 16:00:00',7,4),(284,'2022-01-31 18:00:00','2022-01-31 17:00:00',8,4),(285,'2022-01-31 19:00:00','2022-01-31 18:00:00',9,4),(286,'2022-02-01 09:00:00','2022-02-01 08:00:00',10,4),(287,'2022-02-01 10:00:00','2022-02-01 09:00:00',11,4),(288,'2022-02-01 11:00:00','2022-02-01 10:00:00',12,4),(289,'2022-02-01 13:00:00','2022-02-01 12:00:00',13,4),(290,'2022-02-01 14:00:00','2022-02-01 13:00:00',14,4),(291,'2022-02-01 15:00:00','2022-02-01 14:00:00',15,4),(292,'2022-02-01 17:00:00','2022-02-01 16:00:00',16,4),(293,'2022-02-01 18:00:00','2022-02-01 17:00:00',17,4),(294,'2022-02-01 19:00:00','2022-02-01 18:00:00',18,4),(295,'2022-02-02 09:00:00','2022-02-02 08:00:00',19,4),(296,'2022-02-02 10:00:00','2022-02-02 09:00:00',20,4),(297,'2022-02-02 11:00:00','2022-02-02 10:00:00',21,4),(298,'2022-02-02 13:00:00','2022-02-02 12:00:00',22,4),(299,'2022-02-02 14:00:00','2022-02-02 13:00:00',23,4),(300,'2022-02-02 15:00:00','2022-02-02 14:00:00',24,4),(301,'2022-02-02 17:00:00','2022-02-02 16:00:00',25,4),(302,'2022-02-02 18:00:00','2022-02-02 17:00:00',26,4),(303,'2022-02-02 19:00:00','2022-02-02 18:00:00',27,4),(304,'2022-02-03 09:00:00','2022-02-03 08:00:00',28,4),(305,'2022-02-03 10:00:00','2022-02-03 09:00:00',29,4),(306,'2022-02-03 11:00:00','2022-02-03 10:00:00',30,4),(307,'2022-02-03 13:00:00','2022-02-03 12:00:00',31,4),(308,'2022-02-03 14:00:00','2022-02-03 13:00:00',32,4),(309,'2022-02-03 15:00:00','2022-02-03 14:00:00',33,4),(310,'2022-02-03 17:00:00','2022-02-03 16:00:00',34,4),(311,'2022-02-03 18:00:00','2022-02-03 17:00:00',35,4),(312,'2022-02-03 19:00:00','2022-02-03 18:00:00',36,4),(313,'2022-02-04 09:00:00','2022-02-04 08:00:00',37,4),(314,'2022-02-04 10:00:00','2022-02-04 09:00:00',38,4),(315,'2022-02-04 11:00:00','2022-02-04 10:00:00',39,4),(316,'2022-02-04 13:00:00','2022-02-04 12:00:00',40,4),(317,'2022-02-04 14:00:00','2022-02-04 13:00:00',41,4),(318,'2022-02-04 15:00:00','2022-02-04 14:00:00',42,4),(319,'2022-02-04 17:00:00','2022-02-04 16:00:00',43,4),(320,'2022-02-04 18:00:00','2022-02-04 17:00:00',44,4),(321,'2022-02-04 19:00:00','2022-02-04 18:00:00',45,4),(322,'2022-02-05 09:00:00','2022-02-05 08:00:00',46,4),(323,'2022-02-05 10:00:00','2022-02-05 09:00:00',47,4),(324,'2022-02-05 11:00:00','2022-02-05 10:00:00',48,4),(325,'2022-02-05 13:00:00','2022-02-05 12:00:00',49,4),(326,'2022-02-05 14:00:00','2022-02-05 13:00:00',50,4),(327,'2022-02-05 15:00:00','2022-02-05 14:00:00',51,4),(328,'2022-02-05 17:00:00','2022-02-05 16:00:00',52,4),(329,'2022-02-05 18:00:00','2022-02-05 17:00:00',53,4),(330,'2022-02-05 19:00:00','2022-02-05 18:00:00',54,4),(331,'2022-02-06 09:00:00','2022-02-06 08:00:00',55,4),(332,'2022-02-06 10:00:00','2022-02-06 09:00:00',56,4),(333,'2022-02-06 11:00:00','2022-02-06 10:00:00',57,4),(334,'2022-02-06 13:00:00','2022-02-06 12:00:00',58,4),(335,'2022-02-06 14:00:00','2022-02-06 13:00:00',59,4),(336,'2022-02-06 15:00:00','2022-02-06 14:00:00',60,4),(337,'2022-02-06 17:00:00','2022-02-06 16:00:00',61,4),(338,'2022-02-06 18:00:00','2022-02-06 17:00:00',62,4),(339,'2022-02-06 19:00:00','2022-02-06 18:00:00',63,4),(340,'2022-02-07 09:00:00','2022-02-07 08:00:00',64,4),(341,'2022-02-07 10:00:00','2022-02-07 09:00:00',65,4),(342,'2022-02-07 11:00:00','2022-02-07 10:00:00',66,4),(343,'2022-02-07 13:00:00','2022-02-07 12:00:00',67,4),(344,'2022-02-07 14:00:00','2022-02-07 13:00:00',68,4),(345,'2022-02-07 15:00:00','2022-02-07 14:00:00',69,4),(346,'2022-02-07 17:00:00','2022-02-07 16:00:00',70,4),(347,'2022-02-07 18:00:00','2022-02-07 17:00:00',71,4),(348,'2022-02-07 19:00:00','2022-02-07 18:00:00',72,4),(349,'2022-02-08 09:00:00','2022-02-08 08:00:00',73,4),(350,'2022-02-08 10:00:00','2022-02-08 09:00:00',74,4),(351,'2022-02-08 11:00:00','2022-02-08 10:00:00',75,4),(352,'2022-02-08 13:00:00','2022-02-08 12:00:00',76,4),(353,'2022-02-08 14:00:00','2022-02-08 13:00:00',77,4),(354,'2022-02-08 15:00:00','2022-02-08 14:00:00',78,4),(355,'2022-02-08 17:00:00','2022-02-08 16:00:00',79,4),(356,'2022-02-08 18:00:00','2022-02-08 17:00:00',80,4),(357,'2022-02-08 19:00:00','2022-02-08 18:00:00',81,4),(358,'2022-02-09 09:00:00','2022-02-09 08:00:00',82,4),(359,'2022-02-09 10:00:00','2022-02-09 09:00:00',83,4),(360,'2022-02-09 11:00:00','2022-02-09 10:00:00',84,4),(361,'2022-02-09 13:00:00','2022-02-09 12:00:00',85,4),(362,'2022-02-09 14:00:00','2022-02-09 13:00:00',86,4),(363,'2022-02-09 15:00:00','2022-02-09 14:00:00',87,4),(364,'2022-02-09 17:00:00','2022-02-09 16:00:00',88,4),(365,'2022-02-09 18:00:00','2022-02-09 17:00:00',89,4),(366,'2022-02-09 19:00:00','2022-02-09 18:00:00',90,4),(367,'2022-02-10 09:00:00','2022-02-10 08:00:00',91,4),(368,'2022-02-10 10:00:00','2022-02-10 09:00:00',92,4),(369,'2022-07-05 16:16:00','2022-07-06 16:16:00',91,4);
/*!40000 ALTER TABLE `exam_term` ENABLE KEYS */;
UNLOCK TABLES;

--
-- Dumping data for table `exam_type`
--

LOCK TABLES `exam_type` WRITE;
/*!40000 ALTER TABLE `exam_type` DISABLE KEYS */;
INSERT INTO `exam_type` (id, name) VALUES (1,'Multiple choice exam'),(2,'Written exam'),(3,'Oral exam'),(4,'Practical exam'),(5,'Term paper'),(6,'Project defence'),(7,'Homework');
/*!40000 ALTER TABLE `exam_type` ENABLE KEYS */;
UNLOCK TABLES;

/*!40103 SET TIME_ZONE=@OLD_TIME_ZONE */;

/*!40101 SET SQL_MODE=@OLD_SQL_MODE */;
/*!40014 SET FOREIGN_KEY_CHECKS=@OLD_FOREIGN_KEY_CHECKS */;
/*!40014 SET UNIQUE_CHECKS=@OLD_UNIQUE_CHECKS */;
/*!40101 SET CHARACTER_SET_CLIENT=@OLD_CHARACTER_SET_CLIENT */;
/*!40101 SET CHARACTER_SET_RESULTS=@OLD_CHARACTER_SET_RESULTS */;
/*!40101 SET COLLATION_CONNECTION=@OLD_COLLATION_CONNECTION */;
/*!40111 SET SQL_NOTES=@OLD_SQL_NOTES */;

-- Dump completed on 2022-06-06 11:09:06
